alfalfa	en:alfalfa	taxonomy
amaranth	en:e123	taxonomy
anchovy	en:anchovy	taxonomy
apple	en:apple	taxonomy
apple-juice	en:apple-juice	taxonomy
apricot	en:apricot	taxonomy
artichoke	en:artichoke	taxonomy
asparagus	en:asparagus	taxonomy
avocado	en:avocado	taxonomy
balsamic-vinegar	en:balsamic-vinegar	taxonomy
bamboo-shoot	en:bamboo-shoot	taxonomy
banana	en:banana	taxonomy
barley	en:barley	taxonomy
basmati-rice	en:basmati-rice	taxonomy
bay-leaf	en:bay-leaf	taxonomy
bean	en:beans	taxonomy
beef	en:beef	taxonomy
beef-with-bone	en:beef-bones	taxonomy
beetroot	en:beetroot	taxonomy
bell-pepper	en:bell-pepper	taxonomy
black-currant	en:blackcurrant	taxonomy
black-mulberry	en:black-mulberry	taxonomy
black-pepper	en:black-pepper	taxonomy
blue-cheese	en:blue-cheese	taxonomy
blueberry	en:blueberry	taxonomy
bolognese	en:bolognese-sauce	taxonomy
brazil-nut	en:brazil-nut	taxonomy
breadfruit	en:breadfruit	taxonomy
brie-cheese	en:brie	taxonomy
broad-bean	en:broad-bean	taxonomy
broccoli	en:broccoli	taxonomy
brussels-sprout	en:brussels-sprouts	taxonomy
butter	en:butter	taxonomy
camembert-cheese	en:camembert	taxonomy
cane-sugar	en:cane-sugar	taxonomy
carambola	en:carambola	taxonomy
cardoon	en:cardoon	taxonomy
carrot	en:carrot	taxonomy
cashew	en:cashew-nuts	taxonomy
cassava	en:cassava	taxonomy
cauliflower	en:cauliflower	taxonomy
celeriac	en:celeriac	taxonomy
celery	en:celery	taxonomy
chaource-cheese	en:chaource-cheese	taxonomy
chard	en:chard	taxonomy
cheddar-cheese	en:cheddar	taxonomy
cherry	en:cherry	taxonomy
cherry-tomato	en:cherry-tomato	taxonomy
chestnut	en:chestnut	taxonomy
chicken-breast	en:chicken-breast	taxonomy
chickpea	en:chickpea	taxonomy
chicory-root	en:chicory-root	taxonomy
chili-pepper	en:chili-pepper	taxonomy
chinese-cabbage	en:chinese-cabbage	taxonomy
chive	en:chives	taxonomy
cinnamon	en:cinnamon	taxonomy
clementine	en:clementine	taxonomy
cocoa-bean	en:cocoa-bean	taxonomy
cocoa-butter	en:cocoa-butter	taxonomy
cocoa-powder	en:cocoa-powder	taxonomy
cod	en:cod	taxonomy
coffee-bean	en:coffee-beans	taxonomy
comte-cheese	en:comte	taxonomy
cooked-ham	en:cooked-ham	taxonomy
coriander	en:coriander	taxonomy
corn	en:corn	taxonomy
cotton-seed	en:cottonseed	taxonomy
cow-milk	en:cow-s-milk	taxonomy
crab	en:crab	taxonomy
cranberry	en:cranberry	taxonomy
cucumber	en:cucumber	taxonomy
curly-kale	en:kale	taxonomy
dark-chocolate	en:dark-chocolate	taxonomy
date	en:date	taxonomy
durum-wheat	en:durum-wheat	taxonomy
durum-wheat-semolina	en:durum-wheat-semolina	taxonomy
egg	en:egg	taxonomy
egg-white-powder	en:powdered-egg-white	taxonomy
egg-yolk-powder	en:egg-yolk-powder	taxonomy
eggplant	en:aubergine	taxonomy
elderberry	en:elderberry	taxonomy
emmental	en:emmental	taxonomy
endive	en:endive	taxonomy
extra-virgin-olive-oil	en:extra-virgin-olive-oil	taxonomy
fennel	en:fennel	taxonomy
fig	en:fig	taxonomy
flageolet-bean	en:flageolets	taxonomy
flaxseed	en:flax-seed	taxonomy
flour	en:flour	taxonomy
french-bean	en:green-bean	taxonomy
french-fries	en:french-fries	taxonomy
fresh-cream-cheese	en:fresh-cream-cheese	taxonomy
fruit-puree	en:fruit-puree	taxonomy
garden-peas	en:garden-peas	taxonomy
garlic	en:garlic	taxonomy
gherkin	en:gherkin	taxonomy
ginger	en:ginger	taxonomy
glucose-syrup	en:glucose-syrup	taxonomy
goat-cheese	en:goat-cheese	taxonomy
goat-milk	en:goat-milk	taxonomy
gooseberry	en:gooseberry	taxonomy
gorgonzola-cheese	en:gorgonzola	taxonomy
gouda-cheese	en:gouda	taxonomy
grape	en:grape	taxonomy
grapefruit	en:grapefruit	taxonomy
green-cabbage	en:savoy-cabbage	taxonomy
ground-beef	en:minced-beef	taxonomy
gruyere-cheese	en:gruyere	taxonomy
guava	en:guava	taxonomy
hake	en:hake	taxonomy
hazelnut	en:hazelnut	taxonomy
honey	en:honey	taxonomy
jerusalem-artichoke	en:jerusalem-artichoke	taxonomy
kale	en:kale	taxonomy
kiwi	en:kiwifruit	taxonomy
kohlrabi	en:kohlrabi	taxonomy
kumquat	en:kumquat	taxonomy
lamb	en:lamb	taxonomy
leek	en:leek	taxonomy
lemon	en:lemon	taxonomy
lemon-juice	en:lemon-juice	taxonomy
lentil	en:lentils	taxonomy
lettuce	en:lettuce	taxonomy
lima-bean	en:lima-bean	taxonomy
lobster	en:lobster	taxonomy
lupin	en:lupin-bean	taxonomy
lychee	en:lychee	taxonomy
macadamia-nut	en:macadamia-nut	taxonomy
mandarin	en:mandarin	taxonomy
mango	en:mango	taxonomy
melon	en:melon	taxonomy
milk	en:milk	taxonomy
milk-powder	en:milk-powder	taxonomy
mimolette-cheese	en:mimolette	taxonomy
mint	en:mint	taxonomy
mozzarella	en:mozzarella	taxonomy
munster-cheese	en:munster	taxonomy
mushroom	en:mushroom	taxonomy
mustard	en:mustard	taxonomy
mustard-seed	en:mustard-seed	taxonomy
nectarine	en:nectarine	taxonomy
new-zealand-spinach	en:new-zealand-spinach	taxonomy
nutmeg	en:nutmeg	taxonomy
oat-flour	en:oat-flour	taxonomy
oats	en:oat	taxonomy
oilseed	en:oilseed	taxonomy
okra	en:okra	taxonomy
olive	en:olive	taxonomy
olive-oil	en:olive-oil	taxonomy
onion	en:onion	taxonomy
orange	en:orange	taxonomy
orange-juice	en:orange-juice	taxonomy
papaya	en:papaya	taxonomy
parmesan-cheese	en:parmigiano-reggiano	taxonomy
parsnip	en:parsnip	taxonomy
passion-fruit	en:passionfruit	taxonomy
pasta	en:pasta	taxonomy
peach	en:peach	taxonomy
peanut	en:peanut	taxonomy
pear	en:pear	taxonomy
persimmon	en:persimmon	taxonomy
pine-nut	en:pine-nuts	taxonomy
pineapple	en:pineapple	taxonomy
pistachio	en:pistachio-nuts	taxonomy
plantain	en:plantain	taxonomy
plum	en:plum	taxonomy
pomegranate	en:pomegranate	taxonomy
poppy-seed	en:poppyseed	taxonomy
pork	en:pork	taxonomy
potato	en:potato	taxonomy
potato-starch	en:potato-starch	taxonomy
poultry	en:poultry	taxonomy
prickly-pear	en:prickly-pear	taxonomy
pumpkin	en:pumpkin	taxonomy
quince	en:quince	taxonomy
quinoa	en:quinoa	taxonomy
rabbit	en:rabbit	taxonomy
radish	en:radish	taxonomy
rapeseed	en:rapeseed	taxonomy
rapeseed-oil	en:rapeseed-oil	taxonomy
raspberry	en:raspberry	taxonomy
reblochon	en:reblochon	taxonomy
red-cabbage	en:red-cabbage	taxonomy
red-currant	en:redcurrant	taxonomy
red-endive	en:red-endive	taxonomy
red-wine	en:red-wine	taxonomy
refined-palm-oil	en:refined-palm-oil	taxonomy
refined-rapeseed-oil	en:refined-rapeseed-oil	taxonomy
refined-soybean-oil	en:refined-soya-oil	taxonomy
refined-sunflower-oil	en:refined-sunflower-oil	taxonomy
rhubarb	en:rhubarb	taxonomy
rice	en:rice	taxonomy
rice-flour	en:rice-flour	taxonomy
roquefort-cheese	en:roquefort	taxonomy
rutabaga	en:rutabaga	taxonomy
saffron	en:e164	taxonomy
salsify	en:salsify	taxonomy
salt	en:salt	taxonomy
sardine	en:sardine	taxonomy
sea-salt	en:sea-salt	taxonomy
seaweed	en:seaweed	taxonomy
sesame-seed	en:sesame-seeds	taxonomy
shallot	en:shallot	taxonomy
sheep-milk	en:sheeps-milk	taxonomy
snail	en:snail	taxonomy
snow-pea	en:snow-pea	taxonomy
soft-wheat	en:soft-wheat	taxonomy
sorghum	en:sorghum	taxonomy
soy-flour	en:soya-flour	taxonomy
soy-milk	en:soy-milk	taxonomy
soy-protein	en:soy-protein	taxonomy
soybean	en:soya-bean	taxonomy
spelt	en:spelt	taxonomy
spinach	en:spinach	taxonomy
split-pea	en:split-pea	taxonomy
spring-water	en:spring-water	taxonomy
squid	en:squid	taxonomy
strawberry	en:strawberry	taxonomy
sugar	en:sugar	taxonomy
sugar-beet	en:sugar-beet	taxonomy
sunflower	en:sunflower	taxonomy
sunflower-oil	en:sunflower-oil	taxonomy
sunflower-seed	en:sunflower-seed	taxonomy
sweet-corn	en:sweetcorn	taxonomy
sweet-potato	en:sweet-potato	taxonomy
swiss-chard	en:chard	taxonomy
tamarind	en:tamarind	taxonomy
tap-water	en:water	taxonomy
tapioca	en:tapioca	taxonomy
taro-tuber	en:taro-tuber	taxonomy
tomato	en:tomato	taxonomy
tomato-juice	en:tomato-juice	taxonomy
tomato-paste	en:tomato-concentrate	taxonomy
tomato-sauce	en:tomato-sauce	taxonomy
triticale	en:triticale	taxonomy
turkey	en:turkey	taxonomy
turmeric	en:turmeric	taxonomy
turnip	en:turnip	taxonomy
vanilla	en:vanilla	taxonomy
veal-meat	en:veal-meat	taxonomy
vegetable-mix	en:vegetable-blend	taxonomy
virgin-hazelnut-oil	en:virgin-hazelnut-oil	taxonomy
walnut	en:walnut	taxonomy
watermelon	en:watermelon	taxonomy
whey	en:whey	taxonomy
white-cabbage	en:white-cabbage	taxonomy
yam	en:yam	taxonomy
yogurt	en:yogurt	taxonomy
zucchini	en:courgette	taxonomy
