alfalfa	en:alfalfa
amaranth	en:e123
anchovy	en:anchovy
apple	en:apple
apple-juice	en:apple-juice
apricot	en:apricot
artichoke	en:artichoke
asparagus	en:asparagus
avocado	en:avocado
balsamic-vinegar	en:balsamic-vinegar
bamboo-shoot	en:bamboo-shoot
banana	en:banana
barley	en:barley
basmati-rice	en:basmati-rice
bay-leaf	en:bay-leaf
bean	en:beans
beef	en:beef
beef-with-bone	en:beef-bones
beetroot	en:beetroot
bell-pepper	en:bell-pepper
black-currant	en:blackcurrant
black-mulberry	en:black-mulberry
black-pepper	en:black-pepper
blue-cheese	en:blue-cheese
blueberry	en:blueberry
bolognese	en:bolognese-sauce
brazil-nut	en:brazil-nut
breadfruit	en:breadfruit
brie-cheese	en:brie
broad-bean	en:broad-bean
broccoli	en:broccoli
brussels-sprout	en:brussels-sprouts
butter	en:butter
camembert-cheese	en:camembert
cane-sugar	en:cane-sugar
carambola	en:carambola
cardoon	en:cardoon
carrot	en:carrot
cashew	en:cashew-nuts
cassava	en:cassava
cauliflower	en:cauliflower
celeriac	en:celeriac
celery	en:celery
chaource-cheese	en:chaource-cheese
chard	en:chard
cheddar-cheese	en:cheddar
cherry	en:cherry
cherry-tomato	en:cherry-tomato
chestnut	en:chestnut
chicken-breast	en:chicken-breast
chickpea	en:chickpea
chicory-root	en:chicory-root
chili-pepper	en:chili-pepper
chinese-cabbage	en:chinese-cabbage
chive	en:chives
cinnamon	en:cinnamon
clementine	en:clementine
cocoa-bean	en:cocoa-bean
cocoa-butter	en:cocoa-butter
cocoa-powder	en:cocoa-powder
cod	en:cod
coffee-bean	en:coffee-beans
comte-cheese	en:comte
cooked-ham	en:cooked-ham
coriander	en:coriander
corn	en:corn
cotton-seed	en:cottonseed
cow-milk	en:cow-s-milk
crab	en:crab
cranberry	en:cranberry
cucumber	en:cucumber
curly-kale	en:kale
dark-chocolate	en:dark-chocolate
date	en:date
durum-wheat	en:durum-wheat
durum-wheat-semolina	en:durum-wheat-semolina
egg	en:egg
egg-white-powder	en:powdered-egg-white
egg-yolk-powder	en:egg-yolk-powder
eggplant	en:aubergine
elderberry	en:elderberry
emmental	en:emmental
endive	en:endive
extra-virgin-olive-oil	en:extra-virgin-olive-oil
fennel	en:fennel
fig	en:fig
flageolet-bean	en:flageolets
flaxseed	en:flax-seed
flour	en:flour
french-bean	en:green-bean
french-fries	en:french-fries
fresh-cream-cheese	en:fresh-cream-cheese
fruit-puree	en:fruit-puree
garden-peas	en:garden-peas
garlic	en:garlic
gherkin	en:gherkin
ginger	en:ginger
glucose-syrup	en:glucose-syrup
goat-cheese	en:goat-cheese
goat-milk	en:goat-milk
gooseberry	en:gooseberry
gorgonzola-cheese	en:gorgonzola
gouda-cheese	en:gouda
grape	en:grape
grapefruit	en:grapefruit
green-cabbage	en:savoy-cabbage
ground-beef	en:minced-beef
gruyere-cheese	en:gruyere
guava	en:guava
hake	en:hake
hazelnut	en:hazelnut
honey	en:honey
jerusalem-artichoke	en:jerusalem-artichoke
kale	en:kale
kiwi	en:kiwifruit
kohlrabi	en:kohlrabi
kumquat	en:kumquat
lamb	en:lamb
leek	en:leek
lemon	en:lemon
lemon-juice	en:lemon-juice
lentil	en:lentils
lettuce	en:lettuce
lima-bean	en:lima-bean
lobster	en:lobster
lupin	en:lupin-bean
lychee	en:lychee
macadamia-nut	en:macadamia-nut
mandarin	en:mandarin
mango	en:mango
melon	en:melon
milk	en:milk
milk-powder	en:milk-powder
mimolette-cheese	en:mimolette
mint	en:mint
mozzarella	en:mozzarella
munster-cheese	en:munster
mushroom	en:mushroom
mustard	en:mustard
mustard-seed	en:mustard-seed
nectarine	en:nectarine
new-zealand-spinach	en:new-zealand-spinach
nutmeg	en:nutmeg
oat-flour	en:oat-flour
oats	en:oat
oilseed	en:oilseed
okra	en:okra
olive	en:olive
olive-oil	en:olive-oil
onion	en:onion
orange	en:orange
orange-juice	en:orange-juice
papaya	en:papaya
parmesan-cheese	en:parmigiano-reggiano
parsnip	en:parsnip
passion-fruit	en:passionfruit
pasta	en:pasta
peach	en:peach
peanut	en:peanut
pear	en:pear
persimmon	en:persimmon
pine-nut	en:pine-nuts
pineapple	en:pineapple
pistachio	en:pistachio-nuts
plantain	en:plantain
plum	en:plum
pomegranate	en:pomegranate
poppy-seed	en:poppyseed
pork	en:pork
potato	en:potato
potato-starch	en:potato-starch
poultry	en:poultry
prickly-pear	en:prickly-pear
pumpkin	en:pumpkin
quince	en:quince
quinoa	en:quinoa
rabbit	en:rabbit
radish	en:radish
rapeseed	en:rapeseed
rapeseed-oil	en:rapeseed-oil
raspberry	en:raspberry
reblochon	en:reblochon
red-cabbage	en:red-cabbage
red-currant	en:redcurrant
red-endive	en:red-endive
red-wine	en:red-wine
refined-palm-oil	en:refined-palm-oil
refined-rapeseed-oil	en:refined-rapeseed-oil
refined-soybean-oil	en:refined-soya-oil
refined-sunflower-oil	en:refined-sunflower-oil
rhubarb	en:rhubarb
rice	en:rice
rice-flour	en:rice-flour
roquefort-cheese	en:roquefort
rutabaga	en:rutabaga
saffron	en:e164
salsify	en:salsify
salt	en:salt
sardine	en:sardine
sea-salt	en:sea-salt
seaweed	en:seaweed
sesame-seed	en:sesame-seeds
shallot	en:shallot
sheep-milk	en:sheeps-milk
snail	en:snail
snow-pea	en:snow-pea
soft-wheat	en:soft-wheat
sorghum	en:sorghum
soy-flour	en:soya-flour
soy-milk	en:soy-milk
soy-protein	en:soy-protein
soybean	en:soya-bean
spelt	en:spelt
spinach	en:spinach
split-pea	en:split-pea
spring-water	en:spring-water
squid	en:squid
strawberry	en:strawberry
sugar	en:sugar
sugar-beet	en:sugar-beet
sunflower	en:sunflower
sunflower-oil	en:sunflower-oil
sunflower-seed	en:sunflower-seed
sweet-corn	en:sweetcorn
sweet-potato	en:sweet-potato
swiss-chard	en:chard
tamarind	en:tamarind
tap-water	en:water
tapioca	en:tapioca
taro-tuber	en:taro-tuber
tomato	en:tomato
tomato-juice	en:tomato-juice
tomato-paste	en:tomato-concentrate
tomato-sauce	en:tomato-sauce
triticale	en:triticale
turkey	en:turkey
turmeric	en:turmeric
turnip	en:turnip
vanilla	en:vanilla
veal-meat	en:veal-meat
vegetable-mix	en:vegetable-blend
virgin-hazelnut-oil	en:virgin-hazelnut-oil
walnut	en:walnut
watermelon	en:watermelon
whey	en:whey
white-cabbage	en:white-cabbage
yam	en:yam
yogurt	en:yogurt
zucchini	en:courgette
