ciqual_code	name_en	name_fr	prop_in_categories	prop_in_ingredients
6260	Burger, beef based, 15% fat, raw, prepacked	Haché à base de boeuf ou Préparation de viande hachée de boeuf, 15% MG, cru, prémeballé	ciqual_food_code	
7112	Sandwich loaf, bran grain	Pain de mie, au son	ciqual_food_code	
7602	Croissant	Croissant, sans précision	ciqual_food_code	
7737	Brioche, filled with chocolate	Brioche fourrée au chocolat	ciqual_food_code	
7741	Brioche	Brioche, sans précision	ciqual_food_code	ciqual_food_code
8602	Caen-style tripe, prepacked	Tripes à la mode de Caen, préemballées	ciqual_food_code	
9010	Wheat, whole, raw	Blé tendre entier ou froment, cru	ciqual_food_code	ciqual_food_code
9011	Wheat sprouted, raw	Blé germé, cru	ciqual_food_code	ciqual_food_code
9083	Durum wheat pre-cooked, whole grain, cooked, to pan-fry	Blé dur précuit, grains entiers, cuisiné, à poêler	ciqual_food_code	
9086	Asian noodles, plain, cooked, unsalted	Pâtes ou nouilles asiatiques au blé, cuites, nature, non salées	ciqual_food_code	
9200	Corn or maize grain, raw	Maïs entier, cru	ciqual_food_code	ciqual_food_code
9311	Oatmeal flakes	Flocon d'avoine	ciqual_food_code	ciqual_food_code;ciqual_proxy_food_code
9647	Bran (average)	Son (aliment moyen)	ciqual_food_code	ciqual_food_code
10059	deep water pink shrimp, raw	Crevette rose, crue	ciqual_food_code	ciqual_food_code
12009	Soft-ripened round cheese with bloomy rind, 5 to 11% fat, Camembert-type cheese, reduced fat	Fromage rond à pâte molle et croûte fleurie 5 à 11% MG type camembert allégé en matière grasse	ciqual_food_code	
12012	Soft-ripened round cheese with bloomy rind, around 11% fat, Coulommiers-type cheese, reduced fat	Fromage rond à pâte molle et croûte fleurie environ 11% MG type coulommiers allégé en matière grasse	ciqual_food_code	
12013	Soft-ripened round cheese with bloomy rind, around 5% fat, Camembert-type cheese, reduced fat	Fromage rond à pâte molle et croûte fleurie environ 5% MG type camembert allégé en matière grasse	ciqual_food_code	
12047	Soft-ripened washed-rind cheese, from pasteurised milk (Vieux pané-type cheese)	Fromage à pâte molle à croûte lavée, au lait pasteurisé (type Vieux Pané)	ciqual_food_code	
12310	Processed cheese, around 20% fat, in wedges or cubes	Fromage fondu en portions ou en cubes environ 20% MG	ciqual_food_code	
12315	Uncured soft cheese, spreadable, around 25% fat, in a tub	Spécialité fromagère non affinée environ 25% MG, type fromage en barquette à tartiner ou coque fromagère	ciqual_food_code;ciqual_proxy_food_code	
12320	Processed cheese, double cream, around 31% fat	Fromage fondu double crème, environ 31% MG	ciqual_food_code	
12340	Uncured soft cheese, spreadable, around 20% fat, in a tub	Spécialité fromagère non affinée environ 20% MG, type fromage en barquette à tartiner ou coque fromagère	ciqual_food_code	
12527	Bresse blue cheese, from cow's milk	Fromage bleu de Bresse	ciqual_food_code	
12723	Cantal, Salers or Laguiole cheese, from cow's milk	Cantal, Salers ou Laguiole	ciqual_food_code	ciqual_food_code
12759	Tomme cheese, from mountain or Savoy	Tomme ou tome de montagne ou de Savoie	ciqual_food_code	ciqual_food_code
12800	Cheese, from goat's milk, fresh, from pasteurised milk	Fromage de chèvre frais, au lait pasteurisé (type bûchette fraîche)	ciqual_food_code	
12801	Cheese, from goat's milk, from raw milk	Fromage de chèvre lactique affiné, au lait cru (type Crottin de Chavignol, Picodon, Rocamadour, Sainte-Maure de Touraine)	ciqual_food_code	
12802	Cheese, from goat's milk, from pasteurised milk	Fromage de chèvre lactique affiné, au lait pasteurisé (type bûchette ou crottin)	ciqual_food_code	
12804	Cheese, from goat's milk, fresh, from raw milk	Fromage de chèvre frais, au lait cru (type palet ou crottin frais)	ciqual_food_code	
12827	Semi-hard cheese, from ewe's milk	Fromage de brebis à pâte pressée	ciqual_food_code	
13030	Nectarine, pulp and peel, raw	Nectarine ou brugnon, pulpe et peau, crue	ciqual_food_code;ciqual_proxy_food_code	ciqual_food_code;ciqual_proxy_food_code
13050	Apple, pulp, raw	Pomme, pulpe, crue	ciqual_food_code	ciqual_food_code
13107	Pear, peeled, raw	Poire, pulpe, crue	ciqual_food_code	
13108	Fruits compote, miscellaneous	Compote, tout type de fruits	ciqual_food_code	
13109	Fruits compote, miscellaneous, reduced sugar	Compote, tout type de fruits, allégée en sucres	ciqual_food_code	
13112	Grape, raw	Raisin, cru	ciqual_food_code	ciqual_food_code
15016	Chestnut cream, vanilla flavoured, canned	Crème de marrons vanillée, appertisée	ciqual_food_code	
15023	Walnut, fresh	Noix, fraîche	ciqual_food_code	ciqual_food_code;ciqual_proxy_food_code
15028	Cucurbitacea, seed	Cucurbitacées, graine	ciqual_food_code	
16129	Palm oil	Huile de palme, sans précision	ciqual_food_code	ciqual_food_code;ciqual_proxy_food_code
16614	Vegetable fat (like margarine), 80% fat, salted	Matière grasse végétale (type margarine) à 80% MG, salée	ciqual_food_code	
16615	Vegetable fat (margarine type), 80% fat, unsalted	Matière grasse végétale ou margarine, 80% MG, doux	ciqual_food_code	ciqual_food_code
16616	Vegetable fat (margarine type), 70% fat, unsalted	Matière grasse végétale (type margarine) à 70% MG, doux	ciqual_food_code	ciqual_food_code
16654	Vegetable fat (margarine type), 60% fat, unsalted, sunflowerseed	Matière grasse végétale (type margarine) à 60% de MG, allégée, au tournesol, doux	ciqual_food_code	
16712	Dairy fat 25% fat, light, spreadable, unsalted	Matière grasse laitière à 25% MG, légère, "à tartiner", doux	ciqual_food_code	
16719	Vegetable fat (margarine type), spreadable, fat content unknown, light, unsalted	Matière grasse végétale (type margarine), teneur en matière grasse inconue, doux (aliment moyen)	ciqual_food_code	
16725	Fat spreadfat content unknown, unsalted (average)	Matière grasse végétale (type margarine), teneur réduite en matière grasse inconnue, doux (aliment moyen)	ciqual_food_code	
16733	Vegetable fat (margarine type), spreadable, 30-40% fat, light, unsalted	Matière grasse végétale (type margarine), à tartiner, à 30-40% MG, légère, doux	ciqual_food_code	
16734	Vegetable fat (margarine type), spreadable, 30-40% fat, light, lightly salted	Matière grasse végétale (type margarine), à tartiner, à 30-40% MG, légère, demi-sel	ciqual_food_code	
16736	Vegetable fat (margarine type), spreadable, 30-40% fat, light, unsalted, rich in omega 3	Matière grasse végétale (type margarine), à tartiner, à 30-40% MG, légère, doux, riche en oméga 3	ciqual_food_code	
16737	Vegetable fat (margarine type), spreadable, 50-63% fat, light, unsalted, rich in omega 3	Matière grasse végétale (type margarine) à 50-63% MG, allégée, doux, riche en oméga 3	ciqual_food_code;ciqual_proxy_food_code	ciqual_food_code;ciqual_proxy_food_code
16738	Vegetable fat (margarine type), 50-63% fat, light, lightly salted	Matière grasse végétale (type margarine) à 50-63% MG, allégée, demi-sel	ciqual_food_code	
16739	Vegetable fat (margarine type), spreadable, 50-63% fat, light, unsalted, with plant sterols esters	Matière grasse végétale (type margarine) à 50-63% MG, allégée, doux, aux esters de stérol végétal	ciqual_food_code	ciqual_food_code
16740	Vegetable fat (margarine type), spreadable, 50-63% fat, light, lightly salted, rich in omega 3	Matière grasse végétale (type margarine) à 50-63% MG, allégée, demi-sel, riche en oméga 3	ciqual_food_code	
16741	Vegetable fat (margarine type), spreadable, 50-63% fat, light, unsalted	Matière grasse végétale (type margarine) à 50-63% MG, allégée, doux	ciqual_food_code	ciqual_food_code
16742	Vegetable fat (margarine type), spreadable, 30-40% fat, light, lightly salted, with plant sterols esters	Matière grasse végétale (type margarine) à 30-40% MG, légère, demi-sel, aux esters de stérol végétal	ciqual_food_code	
16743	Blended fat (vegetable and animal origins), 50-63% fat	Matière grasse mélangée (végétale et laitière) à 50-63% MG	ciqual_food_code	
16744	Blended fat (vegetable and animal origins), 50-63% fat, lightly salted	Matière grasse mélangée (végétale et laitière) à 50-63% MG, demi-sel	ciqual_food_code	
16745	Blended fat (vegetable and animal origins), spreadable, 30-40% fat	Matière grasse mélangée (végétale et laitière), à tartiner, à 30-40% MG	ciqual_food_code	
16746	Blended fat (vegetable and animal origins), spreadable, 30-40% fat, lightly salted	Matière grasse mélangée (végétale et laitière), à tartiner, à 30-40% MG, demi-sel	ciqual_food_code	
17126	Safflower oil	Huile de carthame	ciqual_food_code	ciqual_food_code
17999	Paraffin oil	Huile de paraffine	ciqual_food_code	
18008	Water, bottled (average)	Eau de source, embouteillée (aliment moyen)	ciqual_food_code	
18156	Oolong tea, brewed, without sugar	Thé oolong, infusé, non sucré	ciqual_food_code	ciqual_food_code
18350	Dietary drink for sport	Boisson diététique pour le sport	ciqual_food_code	
18905	Oat-based drink, plain, prepacked	Boisson à base d'avoine, nature, préemballée	ciqual_food_code;ciqual_proxy_food_code	
19122	Chocolate flavoured milk, with sugar, partially skimmed, fortified with vitamins and chemicals elements	Boisson lactée aromatisée au chocolat, sucrée, au lait partiellement écrémé, enrichie et/ou restaurée en vitamines et/ou minéraux	ciqual_food_code	
19530	Uncured soft cheese, spreadable, around 30-40% fat, flavoured (ex : garlic and herbs)	Spécialité fromagère non affinée à tartiner environ 30-40 % MG aromatisée (ex: ail et fines herbes)	ciqual_food_code	
19558	Yogurt, fermented milk or dairy specialty, with cereals, fat free	Yaourt, lait fermenté ou spécialité laitière, aux céréales, 0% MG	ciqual_food_code	
19649	Fresh cream cheese, plain, creamy, around 8% fat	Fromage blanc nature, gourmand, 8% MG environ	ciqual_food_code	
19661	Petit-Suisse, fresh cream cheese type, with fruits, 2-3% fat	Fromage frais type petit suisse, aux fruits, 2-3% MG	ciqual_food_code	
19662	Petit-Suisse, fresh cream cheese type, with fruits, 2-3% fat, fortified with calcium and vitamin D	Fromage frais type petit suisse, aux fruits, 2-3% MG, enrichi en calcium et vitamine D	ciqual_food_code	
19667	Petit-Suisse, fresh cream cheese type, flavoured or with fruits, 2-3% fat, fortified with calcium and vitamin D	Fromage frais type petit suisse, aromatisé ou aux fruits, 2-3% MG, enrichi en calcium et vitamine D	ciqual_food_code	
19683	Milk jelly, flavoured, reduced fat and sugar, refrigerated	Lait gélifié aromatisé, allégé en matière grasse et en sucre, rayon frais	ciqual_food_code	
19689	Cheesecake, prepacked	Cheesecake ou Gâteau au fromage frais, préemballé	ciqual_food_code	
20006	Broccoli, cooked	Brocoli, cuit	ciqual_food_code	
20008	Carrot, cooked	Carotte, cuite	ciqual_food_code	
20013	Brussels sprout, cooked	Chou de Bruxelles, cuit	ciqual_food_code	
20024	Celery stalk, cooked	Céleri branche, cuit	ciqual_food_code	
20043	Pumpkin, canned, drained	Potiron, appertisé, égoutté	ciqual_food_code	
20047	Tomato, raw	Tomate, crue	ciqual_food_code	ciqual_food_code
20073	Asparagus, peeled, raw	Asperge, pelée, crue	ciqual_food_code	
20121	Spinach, frozen, cooked	Épinard, surgelé, cuit	ciqual_proxy_food_code	
20122	Cauliflower, frozen, cooked	Chou-fleur, surgelé, cuit	ciqual_food_code	
20126	Lima bean, raw	Haricot de Lima, cru	ciqual_food_code	ciqual_food_code
20133	Parsnip, cooked	Panais, cuit	ciqual_food_code	ciqual_food_code
20205	Broccoli, frozen, cooked	Brocoli, surgelé, cuit	ciqual_food_code	
20207	Brussels sprout, frozen, cooked	Chou de Bruxelles, surgelé, cuit	ciqual_food_code	
20209	Carrot, frozen, cooked	Carotte, surgelée, cuite	ciqual_food_code	
20215	Garden peas and carrots, frozen, cooked	Petits pois et carottes, surgelés, cuits	ciqual_food_code	
20285	Spinach, puree	Épinard, purée	ciqual_food_code	ciqual_food_code
20504	Lentil, dried	Lentille, sèche	ciqual_food_code	ciqual_food_code;ciqual_proxy_food_code
20505	Lentil, boiled/cooked in water	Lentille, bouillie/cuite à l'eau	ciqual_food_code	
20536	Broad bean, fresh, frozen	Fève, fraîche, surgelée	ciqual_food_code	
20581	Peanut, boiled/cooked in water, w salt	Arachide, bouillie/cuite à l'eau, salée	ciqual_food_code	
20900	Soya flour	Farine de soja	ciqual_food_code	ciqual_food_code
20984	Wakame (Undaria pinnatifida), dried or dehydrated	Wakamé (Undaria pinnatifida), séchée ou déshydratée	ciqual_food_code	ciqual_food_code;ciqual_proxy_food_code
23421	Puff pastry, frozen, raw	Pâte feuilletée, surgelée, crue	ciqual_food_code	
23422	Puff pastry, cooked	Pâte feuilletée, cuite	ciqual_food_code	
23499	Fruit tart	Tarte ou tartelette aux fruits	ciqual_food_code	
23535	Semolina pudding, canned	Gâteau de semoule, appertisé	ciqual_food_code	
23589	Fresh cream cheese cake	Gâteau au fromage blanc	ciqual_food_code	
23854	Wafer biscuit, crunchy (thin or dry), with chocolate, prepacked	Gaufre croustillante (fine ou sèche), chocolatée, préemballée	ciqual_food_code	
23884	Doughnut filled with fruits, prepacked	Beignet fourré aux fruits, préemballé	ciqual_food_code	
23930	Fruit shortbread cake, prepacked	Gâteau sablé aux fruits, préemballé	ciqual_food_code	
23940	Sponge cake filled and covered with chocolate, prepacked	Génoise fourrée et nappée au chocolat, prémballé	ciqual_food_code	
23950	Muffin, with blueberry or chocolate	Muffin, aux myrtilles ou au chocolat	ciqual_food_code	
24007	Crispy biscuit (cookie), with chocolate, reduced fat	Biscuit sec croquant au chocolat, allégé en matière grasse	ciqual_food_code	
24030	Biscuit (cookie), with milk	Biscuit sec au lait	ciqual_food_code	
24039	Biscuit bar filled with fruits, reduced fat	Barre biscuitée fourrée aux fruits, allégée en matière grasse	ciqual_food_code	
24053	Biscuit shortbread, with chocolate, pre-packed	Biscuit sec chocolaté, type galette	ciqual_food_code	
24055	Biscuit (cookie) with nuts (no chocolate or lightly chocolate-flavoured)	Biscuit sec fourré fruits à coque (non ou légèrement chocolaté)	ciqual_food_code	
24060	Pastry biscuit with meringue	Biscuit pâtissier meringué	ciqual_food_code	
24072	Shortbread cookie with fruit (apple, red berries, etc.)	Sablé aux fruits (pomme, fruits rouges, etc.)	ciqual_food_code	
24080	Shortbread cookie with cocoa or chocolate, or praline or other	Sablé au cacao ou chocolat, au praliné ou autre	ciqual_food_code	
24360	Cigarette biscuit	Cigarette	ciqual_food_code	
24665	Almond cake, prepacked	Gâteau aux amandes, préemballé	ciqual_food_code	
24690	Biscuit (cookie), reduced sugar	Biscuit sec pauvre en glucides	ciqual_food_code	
25184	White rice, with chicken, prepacked, cooked	Riz blanc, avec poulet, préemballé, cuit	ciqual_food_code	
25185	White rice, cooked, with vegetables and meat, prepacked	Riz blanc, avec légumes et viande, préemballé, cuit	ciqual_food_code	
25218	Lasagna or cannelloni with vegetables, prepacked, cooked	Lasagnes ou cannellonis aux légumes, préemballés, cuits	ciqual_food_code	
25420	Egg roll or Nem	Nem ou Pâté impérial	ciqual_food_code	
25479	Gnocchi, from semolina, cooked	Gnocchi à la semoule, cuit	ciqual_food_code	
25544	Sandwich made with loaf bread, various filling, prepacked	Sandwich pain de mie, garnitures diverses, préemballé	ciqual_food_code	
25574	Sandwich made with wholemeal loaf bread, ham, raw vegetables, cheese (optional), prepacked	Sandwich pain de mie complet, jambon, crudités, fromage optionnel, préemballé	ciqual_food_code	
25579	Gnocchi, cooked (average)	Gnocchi, cuit (aliment moyen)	ciqual_food_code	
25918	Broth, stock or bouillon, meat and vegetables, dehydrated	Bouillon de viande et légumes type pot-au-feu, déshydraté	ciqual_food_code	
26054	Fish, in sauce, frozen	Poisson en sauce, surgelé	ciqual_food_code	
26187	Common anchovy, marinated, prepacked	Anchois commun, mariné, préemballé	ciqual_food_code	
26250	Marine fish, white, without skin, cooked	Poisson blanc, de mer, cuit (aliment moyen)	ciqual_food_code	
28003	Pork loin, raw	Porc, longe, crue	ciqual_food_code	ciqual_food_code
28004	Pork, knuckle or shank, raw	Porc, jarret, cru	ciqual_food_code	ciqual_food_code
28007	Pork loin, cooked	Porc, longe, cuite	ciqual_food_code	ciqual_food_code
28201	Pork tenderloin, lean, raw	Porc, filet, maigre, cru	ciqual_food_code	ciqual_food_code
28802	Dry-cured ham, fat and rind removed	Jambon sec, découenné, dégraissé	ciqual_food_code	
30352	Salami, pork and beef	Salami porc et boeuf	ciqual_food_code	
30705	Sausage from Paris	Saucisson de Paris	ciqual_food_code	
30706	Sausage from Paris, smoked	Saucisson de Paris, fumé	ciqual_food_code	
31003	Candies, all types	Bonbons, tout type	ciqual_food_code	
31033	Nougat	Nougat ou touron	ciqual_food_code	ciqual_food_code
31079	Milk chocolate, filled	Chocolat au lait fourré	ciqual_food_code	
31099	Chocolate snack bar, dairy filling with sponge cake	Barre goûter frais au lait et chocolat avec génoise	ciqual_food_code	
31110	Jam, reduced sugar	Confiture, tout type de fruits, allégée en sucres (extra ou classique)	ciqual_food_code	
32002	Breakfast cereals, rich in fibre, with or without fruits, fortified with vitamins and chemical elements	Céréales pour petit déjeuner riches en fibres, avec ou sans fruits, enrichies en vitamines et minéraux	ciqual_food_code	
32009	Breakfast cereals, chocolate wheat grain flakes, fortified with vitamins and chemical elements	Pétales de blé chocolatés, enrichis en vitamines et minéraux	ciqual_food_code	
32011	Breakfast cereals, chocolate wheat grain flakes (not fortified with vitamins and chemical elements)	Pétales de blé chocolatés (non enrichis en vitamines et minéraux)	ciqual_food_code	
32021	Breakfast cereals, diet, plain or with honey, fortified with vitamins and chemical elements	Céréales pour petit déjeuner "équilibre" nature ou au miel, enrichies en vitamines et minéraux	ciqual_food_code	
32115	Breakfast cereals, chocolate puffed/popped wheat grain, fortified with vitamins and chemical elements	Grains de blé soufflés chocolatés, enrichis en vitamines et minéraux	ciqual_food_code	
32123	Breakfast cereals, wheat flakes with walnuts, hazelnuts or almonds, fortified with vitamins and chemical elements	Pétales de blé avec noix, noisettes ou amandes, enrichis en vitamines et minéraux	ciqual_food_code	
32128	Muesli, flakes (Bircher-style)	Muesli floconneux ou de type traditionnel	ciqual_food_code	
32134	Breakfast cereals, puffed/popped cereals, wholemeal, fortified with vitamins and chemical elements	Céréales complètes soufflées, enrichies en vitamines et minéraux	ciqual_food_code	
32135	Breakfast cereals, mix of puffed or extruded cereals, fortified with vitamins and chemical elements	Multi-céréales soufflées ou extrudées, enrichies en vitamines et minéraux	ciqual_food_code;ciqual_proxy_food_code	
38108	Puffed salty snacks, made from potato and soy	Biscuit apéritif soufflé, à base de pomme de terre et de soja	ciqual_food_code	
38400	Puffed salty snacks, made from maize/corn, without peanuts	Biscuit apéritif soufflé, à base de maïs, sans cacahuète	ciqual_food_code	
39228	Fruit mousse, refrigerated	Mousse aux fruits, rayon frais	ciqual_food_code	
39232	Rice pudding, cake, canned	Gâteau de riz, appertisé	ciqual_food_code	
