ISO Country Code,Country (english),Country (french),AD,AL,AT,AX,BA,BE,BG,CH,CY,CZ,DE,DK,DZ,EE,EG,ES,FI,FO,FR,GB,GG,GI,GR,HR,HU,IE,IL,IM,IS,IT,JE,LB,LI,LT,LU,LV,LY,MA,MC,MD,ME,MK,MT,NL,NO,PL,PS,PT,RO,RS,SE,SI,SJ,SK,SM,SY,TN,TR,UA,US,VA,XK
AD,Andorra,Andorre,100,73,12,41,3,42,44,16,62,15,18,39,17,46,57,69,45,38,57,25,47,82,72,20,3,4,57,7,35,48,49,61,42,38,43,47,78,20,67,51,68,60,79,34,54,33,64,38,53,2,40,27,28,33,37,48,14,30,62,,34,59
AE,United Arab Emirates,Émirats arabes unis,47,60,35,31,39,40,40,37,64,19,40,24,37,35,61,52,34,30,54,34,24,54,65,52,32,45,61,15,21,44,21,65,38,26,31,35,62,31,58,49,56,47,61,39,39,20,68,44,51,37,28,54,25,23,37,51,60,25,61,,29,46
AF,Afghanistan,Afghanistan,0,3,0,0,0,0,0,0,7,0,0,0,0,0,4,0,0,0,0,0,0,0,8,0,0,0,4,0,0,0,0,8,0,0,0,0,5,0,1,0,0,0,4,0,0,0,11,0,0,0,0,0,0,0,0,0,4,0,4,,0,0
AG,Antigua (and Barbuda),Antigua-et-Barbuda,41,32,5,33,9,47,11,25,29,0,47,29,32,37,24,49,36,30,49,41,31,58,38,21,1,54,24,22,39,32,28,29,27,29,38,38,44,45,48,19,27,19,44,46,44,23,32,51,21,8,31,23,22,0,26,16,48,0,30,,11,18
AI,United Kingdom - Anguilla,Anguilla,41,32,5,33,10,47,12,25,30,0,47,29,32,37,25,49,36,30,49,42,31,58,39,22,1,55,25,22,40,33,29,29,27,29,38,38,44,43,48,19,27,19,45,46,44,24,32,52,21,8,31,24,22,0,26,16,48,0,31,,12,18
AL,Albania,Albanie,73,,39,38,77,45,73,26,4,25,54,35,63,42,75,78,41,34,81,15,38,69,64,56,45,47,63,30,23,58,36,80,29,34,7,43,89,45,30,33,92,85,46,53,41,7,39,66,54,64,36,54,15,36,58,67,35,12,13,,65,87
AM,Armenia,Arménie,22,40,13,0,17,3,31,13,3,0,3,0,12,0,34,26,0,0,30,0,0,27,48,29,21,49,34,0,0,20,0,6,14,42,0,0,40,0,34,38,35,27,41,2,0,0,42,15,40,17,0,31,0,0,13,7,38,29,49,,8,26
AO,Angola,Angola,0,0,0,0,0,0,0,0,0,0,0,0,0,0,0,0,0,0,0,0,0,8,0,0,0,0,0,0,0,0,0,0,0,0,0,0,0,0,0,0,0,0,0,0,0,0,0,0,0,0,0,0,0,0,0,0,0,0,0,,0,0
AQ,Antarctica,Antarctique,0,0,0,0,0,0,0,0,0,0,0,0,0,0,0,0,0,0,0,0,0,0,0,0,0,0,0,0,0,0,0,0,0,0,0,0,0,0,0,0,0,0,0,0,0,0,0,0,0,0,0,0,0,0,0,0,0,0,0,,0,0
AR,Argentina,Argentine,0,0,0,0,0,0,0,0,0,0,0,0,0,0,0,0,0,0,0,0,0,0,0,0,0,0,0,0,0,0,0,0,0,0,0,0,0,0,0,0,0,0,0,0,0,0,0,0,0,0,0,0,0,0,0,0,0,0,0,,0,0
AS,United States of America - American Samoa,Samoa américaines,0,0,0,0,0,0,0,0,0,0,0,0,0,0,0,0,0,0,0,0,0,0,0,0,0,0,0,0,0,0,0,0,0,0,0,0,0,0,0,0,0,0,0,0,0,0,0,0,0,0,0,0,0,0,0,0,0,0,0,,0,0
AT,Austria,Autriche,12,33,100,10,65,45,50,61,53,85,58,44,36,17,48,51,13,7,38,17,12,57,15,81,88,11,35,3,10,63,14,52,68,45,53,33,62,18,44,43,47,48,63,44,17,71,11,50,46,69,22,81,3,86,56,39,62,21,53,,45,43
AU,Australia,Australie,0,0,0,0,0,0,0,0,0,0,0,0,0,0,0,0,0,0,0,0,0,0,0,0,0,0,0,0,0,0,0,0,0,0,0,0,0,0,0,0,0,0,0,0,0,0,0,0,0,0,0,0,0,0,0,0,0,0,0,,0,0
AW,Netherlands - Aruba,Aruba,25,12,0,14,0,30,0,8,10,0,30,11,15,18,5,33,17,10,32,25,15,43,19,1,0,39,4,6,25,15,12,9,9,10,21,19,26,30,31,0,7,0,27,30,26,5,12,36,1,0,12,3,0,0,8,0,31,0,10,,0,0
AX,Finland - Aland,,39,26,0,100,3,76,5,20,24,0,80,77,29,97,19,46,96,76,73,68,58,57,33,15,0,74,18,49,56,27,55,23,22,77,67,85,40,51,45,13,21,13,41,77,88,77,26,52,15,2,91,17,62,0,21,10,45,0,24,,6,12
AZ,Azerbaijan,Azerbaïdjan,23,41,14,0,19,4,32,14,41,0,4,0,13,0,35,27,0,0,31,0,0,28,49,30,22,50,35,0,0,21,0,40,15,43,0,0,41,0,35,39,36,28,42,3,0,0,43,16,41,18,0,32,0,1,15,4,39,25,50,,9,27
BA,Bosnia and Herzegovina,Bosnie-Herzégovine,4,77,65,25,100,21,65,40,68,51,28,11,50,30,62,66,28,21,16,37,26,71,42,83,75,78,50,17,25,58,24,67,46,13,27,0,76,33,38,37,85,63,34,21,43,39,26,54,55,84,24,76,18,65,51,54,22,35,17,,39,75
BB,Barbados,Barbade,41,31,5,32,9,46,11,25,29,0,45,27,31,36,24,48,35,29,48,40,30,58,38,21,1,53,24,21,37,32,27,29,26,28,37,36,44,45,47,19,27,18,44,45,43,22,32,51,21,8,29,23,21,0,25,16,48,0,30,,11,17
BD,Bangladesh,Bangladesh,33,46,21,17,25,26,26,22,50,5,26,10,23,21,46,38,20,16,40,20,10,40,50,38,18,30,47,1,7,30,7,51,24,12,17,21,48,17,44,35,42,33,47,23,25,6,54,30,37,23,14,40,11,8,23,37,46,11,47,,15,32
BE,Belgium,Belgique,41,45,45,75,19,100,25,71,43,54,76,54,49,79,38,21,78,84,85,72,66,76,53,36,32,51,38,54,61,45,64,43,61,14,89,1,60,63,40,32,1,32,60,92,35,40,46,71,35,14,29,43,61,30,38,30,64,11,44,,26,31
BF,Burkina Faso,Burkina Faso,0,0,0,0,0,0,0,0,0,0,0,0,0,0,0,7,0,0,4,0,0,16,0,0,0,4,0,0,0,0,0,0,0,0,0,0,2,4,6,0,0,0,3,0,0,0,0,8,0,0,0,0,0,0,0,0,6,0,0,,0,0
BG,Bulgaria,Bulgarie,44,73,50,9,40,25,100,15,20,36,25,6,34,13,56,49,12,5,52,20,9,49,60,61,62,71,56,0,2,35,7,0,23,5,2,14,62,16,15,60,71,88,63,24,21,24,64,37,81,80,7,54,0,53,29,48,60,35,40,,16,83
BH,Bahrain,Bahreïn,51,64,39,35,43,44,44,40,68,23,44,28,41,39,64,56,38,34,58,38,28,58,68,55,36,48,64,19,25,48,25,4,42,30,35,39,66,34,62,53,60,51,65,43,43,24,7,48,55,41,32,58,29,26,41,9,64,29,65,,33,50
BI,Burundi,Burundi,0,0,0,0,0,0,0,0,0,0,0,0,0,0,0,0,0,0,0,0,0,0,0,0,0,0,0,0,0,0,0,0,0,0,0,0,0,0,0,0,0,0,0,0,0,0,0,0,0,0,0,0,0,0,0,0,0,0,0,,0,0
BJ,Benin,Bénin,17,7,0,3,0,16,0,1,5,0,16,0,7,7,0,24,5,0,21,11,1,34,14,0,0,22,0,0,0,8,0,5,2,0,7,7,20,21,24,0,3,0,20,16,13,0,8,25,0,0,0,0,0,0,2,0,24,0,6,,0,0
BM,United Kingdom - Bermuda,Bermudes,45,36,9,41,13,54,15,29,34,0,54,36,36,45,29,53,44,38,57,49,39,62,42,25,5,63,29,30,50,36,36,33,31,37,46,45,48,49,52,23,31,23,48,54,52,31,36,56,25,12,38,28,30,0,30,20,52,1,35,,15,22
BN,Brunei,Brunei,25,39,14,10,18,18,19,15,43,0,18,3,15,14,39,0,13,9,33,13,3,33,43,30,10,23,39,0,0,22,0,44,17,4,10,14,41,9,37,28,35,26,40,18,18,0,47,23,30,16,7,33,4,1,16,30,39,4,40,,8,25
BO,Bolivia,Bolivie,0,0,0,0,0,0,0,0,0,0,0,0,0,0,0,0,0,0,0,0,0,0,0,0,0,0,0,0,0,0,0,0,0,0,0,0,0,0,0,0,0,0,0,0,0,0,0,0,0,0,0,0,0,0,0,0,0,0,0,,0,0
BR,Brazil,Brésil,0,0,0,0,0,0,0,0,0,0,0,0,0,0,0,0,0,0,0,0,0,0,0,0,0,0,0,0,0,0,0,0,0,0,0,0,0,0,0,0,0,0,0,0,0,0,0,0,0,0,0,0,0,0,0,0,0,0,0,,0,0
BS,The Bahamas,Bahamas,34,25,0,30,2,43,4,18,23,0,43,25,25,34,18,42,32,26,45,38,28,51,31,14,0,52,18,19,40,25,25,22,20,25,34,34,37,38,41,12,20,12,37,43,40,20,25,45,14,1,27,17,19,0,19,9,41,0,24,,4,11
BT,Bhutan,Bhoutan,4,17,0,0,0,0,0,0,21,0,0,0,0,0,17,9,0,0,11,0,0,11,21,8,0,1,17,0,0,1,0,22,0,0,0,0,19,0,15,6,13,4,18,0,0,0,25,1,8,0,0,11,0,0,0,8,17,0,18,,0,3
BV,Denmark - Bouvet,L'île Bouvet,0,0,0,0,0,0,0,0,0,0,0,0,0,0,0,0,0,0,0,0,0,8,0,0,0,0,0,0,0,0,0,0,0,0,0,0,0,0,0,0,0,0,0,0,0,0,0,0,0,0,0,0,0,0,0,0,0,0,0,,0,0
BW,Botswana,Botswana,0,0,0,0,0,0,0,0,0,0,0,0,0,0,0,0,0,0,0,0,0,0,0,0,0,0,0,0,0,0,0,0,0,0,0,0,0,0,0,0,0,0,0,0,0,0,0,0,0,0,0,0,0,0,0,0,0,0,0,,0,0
BY,Belarus,Biélorussie,23,10,39,57,19,7,6,6,8,39,34,23,13,59,3,31,55,53,54,49,39,41,18,21,0,54,3,30,33,1,36,7,9,84,8,75,24,28,29,51,4,4,25,13,65,66,10,36,35,26,44,20,39,13,7,0,29,0,8,,0,0
BZ,Belize,Belize,17,7,0,11,0,24,0,1,5,0,24,6,7,15,0,24,14,8,27,19,9,33,14,0,0,33,0,0,23,8,6,5,2,6,15,15,20,21,23,0,2,0,20,24,22,1,8,27,0,0,8,0,0,0,1,0,23,0,6,,0,0
CA,Canada - Atlantic,Canada,0,0,0,0,0,0,0,0,0,0,0,0,0,0,0,0,0,0,0,0,0,0,0,0,0,0,0,0,0,0,0,0,0,0,0,0,0,0,0,0,0,0,0,0,0,0,0,0,0,0,0,0,0,0,0,0,0,0,0,0,0,0
CC,Australia - Cocos/Keeling Islands,Îles Cocos [Keeling] (Îles),31,44,19,9,23,23,24,26,48,3,29,2,21,13,44,34,12,8,43,14,3,38,48,35,15,25,44,0,5,33,1,49,27,3,15,13,46,10,42,33,40,31,45,28,23,0,52,25,35,21,6,38,9,6,26,35,44,9,45,,11,30
CD,Democratic Republic of the Congo,Congo [RDC],0,0,0,0,0,0,0,0,0,0,0,0,0,0,0,0,0,0,0,0,0,0,0,0,0,0,0,0,0,0,0,0,0,0,0,0,0,0,0,0,0,0,0,0,0,0,0,0,0,0,0,0,0,0,0,0,0,0,0,,0,0
CF,Central African Republic,République centrafricaine,0,0,0,0,0,0,0,0,0,0,0,0,0,0,0,0,0,0,0,0,0,0,0,0,0,0,0,0,0,0,0,0,0,0,0,0,0,0,0,0,0,0,0,0,0,0,0,0,0,0,0,0,0,0,0,0,0,0,0,,0,0
CG,Republic of Congo,Congo [République],0,0,0,0,0,0,0,0,0,0,0,0,0,0,0,0,0,0,0,0,0,0,0,0,0,0,0,0,0,0,0,0,0,0,0,0,0,0,0,0,0,0,0,0,0,0,0,0,0,0,0,0,0,0,0,0,0,0,0,,0,0
CH,Switzerland,Suisse,50,28,61,24,38,70,15,100,53,62,64,41,49,29,48,20,28,21,69,46,45,65,63,54,48,24,48,27,19,74,47,52,91,9,78,30,67,32,70,4,25,13,5,63,21,37,55,53,14,35,16,61,11,46,68,39,34,21,54,,56,5
CI,Ivory Coast,Côte d'Ivoire,30,20,0,16,0,29,0,14,18,0,29,11,20,20,13,37,18,12,34,24,14,47,27,10,0,55,13,5,10,21,11,18,15,11,20,20,33,34,37,8,16,7,33,29,26,6,21,38,10,0,13,12,5,0,15,5,37,0,19,,0,6
CK,New Zealand - Cook Islands,Îles Cook,0,0,0,5,0,0,0,0,1,0,14,0,0,9,0,15,8,4,15,8,0,0,0,0,0,71,0,0,0,0,0,2,0,0,0,9,0,5,0,0,0,0,0,13,0,0,0,15,0,0,2,0,0,0,0,0,0,0,0,,0,0
CL,Chile,Chili,0,0,0,0,0,0,0,0,0,0,0,0,0,0,0,0,0,0,0,0,0,0,0,0,0,0,0,0,0,0,0,0,0,0,0,0,0,0,0,0,0,0,0,0,0,0,0,0,0,0,0,0,0,0,0,0,0,0,0,,0,0
CM,Cameroon,Cameroun,12,3,0,0,0,12,0,0,1,0,12,0,3,2,0,20,1,0,17,6,0,29,10,0,0,17,0,0,0,4,0,0,0,0,3,3,15,17,19,0,0,0,16,11,9,0,3,21,0,0,0,0,0,0,0,0,19,0,2,,0,0
CN,China,Chine,13,27,2,0,5,6,7,3,31,0,6,0,3,2,27,19,1,0,21,1,0,21,31,18,0,11,27,0,0,10,0,31,5,0,0,2,28,0,25,16,23,14,28,6,6,0,35,11,17,4,0,21,0,0,4,18,27,0,27,,0,13
CO,Colombia,Colombie,0,0,0,0,0,0,0,0,0,0,0,0,0,0,0,0,0,0,0,0,0,0,0,0,0,0,0,0,0,0,0,0,0,0,0,0,0,0,0,0,0,0,0,0,0,0,0,0,0,0,0,0,0,0,0,0,0,0,0,,0,0
CR,Costa Rica - Pacific,Costa Rica,0,0,0,0,0,7,0,0,0,0,6,0,0,0,0,8,0,0,9,0,0,18,0,0,0,15,0,0,2,0,0,0,0,0,0,0,1,5,6,0,0,0,2,6,2,0,0,12,0,0,0,0,0,0,0,0,6,0,0,,0,0
CU,Cuba,Cuba,8,0,0,4,0,17,0,0,0,0,17,0,0,8,0,16,6,0,19,12,2,25,5,0,0,26,0,0,15,0,0,0,0,0,8,8,11,12,15,0,0,0,12,16,14,0,0,19,0,0,1,0,0,0,0,0,15,0,0,,0,0
CV,Cape Verde,Cap-Vert,64,54,28,50,32,64,34,47,52,11,64,46,54,54,47,72,53,47,68,58,48,81,61,44,24,70,47,39,46,54,46,52,48,46,55,55,67,68,71,42,50,41,67,63,61,41,55,72,44,31,48,46,39,15,47,39,71,20,53,,34,40
CX,Australia - Christmas Island,L'île Christmas,33,47,22,18,25,26,27,23,51,5,26,11,23,21,47,39,21,17,41,21,10,41,51,38,18,31,47,1,8,30,8,51,25,12,17,22,48,17,45,36,43,34,48,26,26,7,55,30,37,24,14,41,12,9,24,38,47,12,47,,15,33
CY,Cyprus,Chypre,62,2,53,27,58,43,20,53,100,37,43,24,53,31,84,67,30,23,70,38,28,67,88,70,49,49,38,19,21,60,25,73,55,23,34,32,81,34,75,4,76,11,81,43,39,18,94,55,61,57,25,72,13,40,54,78,79,37,70,,49,6
CZ,Czech Republic,République tchèque,15,19,83,0,51,55,36,62,37,100,75,61,19,17,31,35,12,0,48,27,23,40,1,65,74,6,18,9,0,53,25,36,69,45,63,32,45,2,42,29,33,34,47,57,33,72,0,33,32,55,39,65,0,73,46,23,45,4,25,,35,29
DE,Germany,Allemagne,32,2,61,56,35,80,13,64,24,73,100,63,29,2,19,47,59,52,62,51,47,57,34,53,49,30,19,33,42,52,45,23,74,30,84,17,40,44,48,11,18,9,41,82,44,57,26,52,8,31,39,57,43,47,45,10,12,0,7,,34,5
DJ,Djibouti,Djibouti,54,67,42,38,46,47,47,44,71,26,47,31,44,42,68,59,41,37,61,41,31,61,72,59,39,52,68,22,28,51,28,72,45,33,38,42,69,38,65,56,63,54,68,46,46,27,75,51,58,44,35,61,32,30,44,58,67,33,68,,36,53
DK,Denmark,Danemark,39,26,44,74,10,47,6,34,24,56,69,100,29,46,19,47,43,69,32,28,20,57,34,27,35,14,19,10,49,12,18,23,41,29,52,16,40,44,13,2,21,13,41,55,68,55,26,52,15,16,75,30,55,39,16,10,45,0,24,,5,12
DM,Dominica,Dominique,40,30,4,32,8,45,10,24,28,0,45,27,30,36,23,48,34,28,48,40,30,57,37,20,0,53,23,21,37,31,27,28,26,27,36,36,43,44,47,18,26,17,43,45,42,22,31,50,20,7,29,22,21,0,25,15,47,0,29,,10,16
DO,Dominican Republic,République dominicaine,31,21,0,24,0,38,1,15,19,0,38,19,21,28,14,38,27,21,40,32,22,48,28,11,0,46,14,13,31,22,19,19,17,19,29,28,34,35,38,9,17,8,34,37,35,14,22,41,11,0,21,13,13,0,16,6,38,0,20,,1,7
DZ,Algeria,Algérie,17,65,37,33,42,49,34,49,53,21,49,29,58,37,48,45,35,28,69,43,33,30,62,54,34,55,47,24,26,56,31,52,51,29,40,37,37,43,72,42,60,52,17,48,45,25,55,25,44,41,31,56,19,25,50,39,59,20,53,,36,51
EC,Ecuador,Équateur,3,0,0,0,0,10,0,0,0,0,9,0,0,0,0,11,0,0,12,4,0,20,1,0,0,18,0,0,4,0,0,0,0,0,1,0,6,8,10,0,0,0,7,9,7,0,0,14,0,0,0,0,0,0,0,0,10,0,0,,0,0
EE,Estonia,Estonie,46,33,17,93,11,79,13,29,31,17,10,46,37,100,26,54,96,77,78,72,62,64,41,22,8,78,26,53,56,36,60,30,31,72,70,85,48,51,52,11,28,20,48,79,48,44,33,59,23,10,71,24,63,25,30,17,52,0,24,,15,19
EG,Egypt,Égypte,57,75,48,22,52,38,56,48,84,31,38,19,48,26,100,62,25,18,65,33,23,62,82,64,44,44,79,14,16,55,20,41,50,18,29,27,76,29,69,63,70,62,76,38,34,13,62,50,65,52,20,66,8,35,49,47,74,2,74,,43,61
EH,Western Sahara,Sahara occidental,48,38,12,34,16,44,18,32,36,0,47,29,39,38,31,54,36,30,52,42,32,65,45,28,8,53,31,23,7,39,29,36,34,29,35,38,51,20,55,26,34,26,51,47,44,24,39,56,28,15,31,30,23,0,33,23,55,4,37,,18,25
ER,Eritrea,Érythrée,62,76,51,46,54,55,56,52,79,34,55,40,52,50,76,67,50,46,69,49,39,70,80,67,47,60,76,30,36,59,37,80,54,41,46,51,77,46,73,64,71,63,77,55,55,35,84,59,66,53,43,69,41,38,53,66,76,41,76,,44,62
ES,Spain,Espagne,70,64,37,36,42,21,35,20,53,20,52,33,58,40,48,100,39,32,36,5,34,67,63,53,33,58,48,28,30,13,34,52,11,33,16,41,70,50,36,42,59,51,70,13,48,27,56,69,45,41,34,55,23,24,7,39,74,21,54,,3,50
ET,Ethiopia,Éthiopie,29,43,18,13,21,22,23,19,46,1,22,6,19,17,43,34,16,12,36,16,6,36,47,34,14,27,43,0,3,26,4,47,20,8,13,18,44,13,40,31,38,30,44,21,21,2,50,26,33,20,10,36,8,5,19,33,43,8,43,,11,29
FI,Finland,Finlande,37,24,13,85,2,70,4,20,22,13,6,43,28,96,17,45,100,68,68,64,53,55,32,13,3,69,17,44,47,28,51,22,22,67,61,80,39,42,43,6,20,11,39,71,45,40,25,50,14,1,68,16,54,20,21,9,43,0,20,,6,10
FJ,Fiji,Fidji,0,7,0,0,0,0,0,0,11,0,0,0,0,0,8,0,0,0,1,0,0,1,12,0,0,0,29,0,0,0,0,12,0,0,0,0,9,0,5,0,3,0,8,0,0,0,15,0,0,0,0,1,0,0,0,0,7,0,8,,0,0
FK,United Kingdom - Falkland Islands,Falkland Islands [Islas Malvinas] (Îles Malouines),6,0,0,0,0,6,0,0,0,0,6,0,0,0,0,14,0,0,10,0,0,23,3,0,0,11,0,0,0,0,0,0,0,0,0,0,9,10,13,0,0,0,9,5,3,0,0,14,0,0,0,0,0,0,0,0,13,0,0,,0,0
FM,Micronesia,Micronésie,4,24,0,0,3,4,0,1,0,0,4,0,0,0,25,16,0,0,18,0,0,18,6,16,0,9,15,0,0,8,0,0,2,0,0,0,10,0,12,0,20,11,9,3,0,0,2,8,0,1,0,18,0,0,1,0,12,0,1,,0,10
FO,Denmark - Faroer,Îles Féroé,38,25,0,73,2,71,4,21,23,0,73,69,28,77,18,46,75,68,69,64,54,56,32,14,0,69,17,45,48,28,51,22,22,69,62,77,39,43,44,12,20,12,40,71,80,63,25,51,14,1,70,16,54,0,21,9,44,0,23,,7,11
FR,France,France,57,0,38,67,14,85,21,69,40,48,61,39,45,71,35,37,69,62,100,68,78,4,49,30,26,47,34,50,53,47,76,39,64,63,82,71,56,60,52,29,37,29,57,77,20,25,42,13,31,7,15,38,53,24,40,26,9,7,40,,29,28
GA,Gabon,Gabon,11,2,0,0,0,11,0,0,0,0,11,0,2,1,0,19,0,0,16,5,0,28,9,0,0,16,0,0,0,3,0,0,0,0,2,2,14,16,18,0,0,0,15,10,8,0,2,20,0,0,0,0,0,0,0,0,18,0,1,,0,0
GB,United Kingdom,Royaume-Uni,53,40,17,68,17,73,20,34,38,28,51,28,43,72,33,13,71,64,63,100,80,71,48,8,5,79,33,81,55,17,77,37,34,64,63,73,54,58,21,27,35,27,55,67,10,14,40,66,29,16,4,15,55,3,10,24,59,5,38,,22,26
GD,Grenada,Grenade,39,29,3,30,7,44,9,23,27,0,43,25,29,34,22,46,33,27,46,71,61,55,36,19,0,51,22,52,35,30,59,27,24,26,35,34,42,43,45,17,24,16,42,43,41,20,30,49,19,6,27,21,19,0,23,14,45,0,28,,9,15
GE,Georgia,Géorgie,46,65,37,11,42,27,55,37,64,20,27,8,37,15,58,51,14,7,54,22,12,51,73,53,46,73,59,3,5,44,9,22,39,67,18,16,64,18,59,1,60,52,65,27,23,2,66,39,67,41,9,56,0,24,38,22,63,44,10,,33,51
GF,France - French Guyana,La Guyane française,35,26,0,24,3,38,5,19,24,0,38,20,26,28,18,43,27,21,40,32,22,52,32,15,0,45,18,13,26,26,20,23,21,20,29,29,38,39,42,13,21,13,38,37,35,15,26,45,15,2,22,18,13,0,20,10,42,0,24,,5,12
GG,United Kingdom - Guernsey,Guernesey,42,30,2,58,7,74,9,26,28,0,74,55,33,62,23,50,61,54,74,80,100,1,37,19,0,72,22,61,45,33,97,27,27,54,65,63,44,48,49,17,25,17,45,73,2,49,30,56,19,6,56,21,44,0,26,14,49,0,28,,11,16
GH,Ghana,Ghana,23,14,0,9,0,23,0,7,12,0,23,5,14,13,7,31,12,6,27,17,7,40,20,3,0,28,7,0,3,14,4,11,9,5,14,14,26,27,30,1,9,1,26,22,20,0,14,32,3,0,7,6,0,0,8,0,30,0,13,,0,0
GI,United Kingdom - Gibraltar,Gibraltar,40,69,42,60,47,76,49,65,67,25,76,57,41,64,62,67,62,56,4,71,1,100,77,58,38,82,62,51,53,72,3,66,67,56,67,65,84,83,10,56,64,56,84,75,72,51,69,67,59,46,58,60,46,29,66,53,4,35,68,,51,55
GL,Denmark - Greenland,Groenland,44,32,4,56,9,63,11,28,30,0,64,52,35,60,25,52,58,74,66,58,48,62,39,21,0,73,24,39,67,35,45,29,29,52,55,60,46,50,50,19,27,19,46,63,68,47,32,57,21,8,53,23,42,0,28,16,51,0,30,,13,18
GM,Gambia,Gambie,53,43,17,39,21,53,23,37,41,0,52,34,43,43,36,61,41,35,57,47,37,70,50,33,13,58,36,28,33,44,34,41,39,34,44,43,56,57,60,31,39,30,56,52,49,29,44,61,33,20,36,35,28,4,38,28,60,9,42,,23,29
GN,Guinea,Guinée,37,28,1,23,5,37,7,21,26,0,37,19,28,27,21,45,26,20,42,31,21,54,34,17,0,42,21,12,17,28,18,25,23,19,28,28,40,41,44,15,23,15,40,36,34,13,28,46,17,4,21,20,12,0,22,12,44,0,27,,7,14
GP,France - Guadeloupe,Guadeloupe,41,32,5,33,9,47,11,25,30,0,47,28,32,37,25,49,36,30,49,41,31,58,38,21,1,54,25,22,39,32,28,29,27,29,38,37,44,45,48,19,27,19,44,46,44,23,32,51,21,8,30,24,22,0,26,16,48,0,31,,11,18
GQ,Equatorial Guinea,Guinée équatoriale,32,23,0,18,0,32,2,16,21,0,31,13,23,22,15,40,21,15,36,26,16,49,29,12,0,37,15,7,12,23,13,20,18,14,23,22,35,36,39,10,18,10,35,31,29,8,23,40,12,0,15,15,7,0,17,7,39,0,21,,2,9
GR,Greece,Grèce,72,64,15,37,42,53,60,63,38,1,53,34,62,41,82,76,39,33,80,48,37,77,100,26,27,59,82,28,30,24,35,87,65,33,44,42,90,44,2,20,57,65,23,52,49,28,90,65,41,45,35,19,23,17,29,74,12,8,0,,36,61
GS,United Kingdom - South Georgia,Géorgie du Sud et les îles Sandwich du Sud,9,0,0,0,0,9,0,0,0,0,9,0,0,0,0,17,0,0,14,3,0,26,6,0,0,14,0,0,0,0,0,0,0,0,0,0,12,13,16,0,0,0,12,8,6,0,0,18,0,0,0,0,0,0,0,0,16,0,0,,0,0
GT,Guatemala,Guatemala,0,0,0,0,0,3,0,0,0,0,3,0,0,0,0,4,0,0,5,0,0,14,0,0,0,12,0,0,0,0,0,0,0,0,0,0,0,1,4,0,0,0,0,2,0,0,0,7,0,0,0,0,0,0,0,0,4,0,0,,0,0
GU,United States of America - Guam,Guam,0,0,0,0,0,0,0,0,0,0,0,0,0,0,0,0,0,0,0,0,0,0,0,0,0,0,0,0,0,0,0,0,0,0,0,0,0,0,0,0,0,0,0,0,0,0,0,0,0,0,0,0,0,0,0,0,0,0,0,,0,0
GW,Guinea Bissau,Guinée-Bissau,56,46,20,42,24,55,26,40,44,3,55,37,46,46,39,64,44,39,60,50,40,73,53,36,16,61,39,31,36,47,37,44,42,37,46,46,59,60,63,34,42,33,59,55,53,32,47,64,36,23,39,38,31,7,41,31,63,12,45,,26,32
GY,Guyana,Guyane,24,15,0,14,0,27,0,8,13,0,28,10,15,18,8,32,17,11,31,23,12,41,22,5,0,35,8,3,18,16,10,12,10,10,18,19,27,29,31,2,10,2,28,27,25,5,15,33,4,0,12,7,3,0,9,0,31,0,14,,0,1
HK,China - Hongkong,Hong Kong,24,37,12,8,16,17,18,14,41,0,17,1,14,12,38,29,11,7,31,11,1,31,42,29,9,22,38,0,0,21,0,42,15,3,8,12,39,8,35,26,33,24,38,16,16,0,45,21,28,14,5,31,2,0,14,28,37,3,38,,6,23
HM,Australia - Heard/MacDonald Islands,Île Heard et îles McDonald,46,60,35,31,38,39,40,19,64,19,22,24,36,35,60,34,34,30,36,34,24,54,64,51,31,44,60,15,21,26,21,64,21,25,30,35,62,30,58,49,56,47,61,21,39,20,68,44,50,37,28,54,25,22,20,51,60,25,60,,11,46
HN,Honduras,Honduras,8,0,0,2,0,16,0,0,0,0,16,0,0,6,0,16,5,0,18,10,0,25,5,0,0,24,0,0,14,0,0,0,0,0,7,7,11,12,15,0,0,0,11,15,13,0,0,19,0,0,0,0,0,0,0,0,15,0,0,,0,0
HR,Croatia,Croatie,19,56,81,28,84,36,61,54,70,68,43,26,52,32,64,68,30,23,30,8,5,73,26,100,83,80,52,19,27,74,7,69,61,27,44,14,78,35,54,37,64,59,4,35,0,53,28,56,51,80,6,93,19,73,68,56,78,37,23,,55,54
HT,Haiti,Haïti,31,21,0,24,0,38,1,15,19,0,38,20,21,28,14,38,27,21,40,32,22,47,28,11,0,46,14,13,33,22,20,19,16,20,29,29,34,35,37,9,17,8,34,37,35,14,22,41,11,0,22,13,13,0,15,6,37,0,20,,1,7
HU,Hungary,Hongrie,3,45,88,6,76,32,62,48,49,74,60,34,32,8,44,47,4,3,26,4,8,53,27,83,100,7,31,0,6,58,2,49,55,36,39,23,58,15,38,55,59,60,60,32,7,62,8,46,58,81,12,77,0,91,52,36,58,17,42,,39,55
ID,Indonesia,Indonésie,0,0,0,0,0,0,0,0,0,0,0,0,0,0,0,0,0,0,0,0,0,0,0,0,0,0,0,0,0,0,0,0,0,0,0,0,0,0,0,0,0,0,0,0,0,0,0,0,0,0,0,0,0,0,0,0,0,0,0,,0,0
IE,Ireland,Irlande,64,51,24,73,28,53,31,14,49,7,31,7,55,78,44,72,76,69,44,79,58,82,59,40,20,100,44,91,69,54,56,48,13,70,42,78,66,69,70,38,46,38,66,47,86,64,51,77,41,28,71,42,60,11,48,35,70,17,50,,33,37
IL,Israel,Israël,57,75,48,22,53,38,56,48,38,31,38,19,47,26,58,62,24,18,65,33,22,62,82,64,44,44,85,13,15,55,20,78,49,18,29,27,76,29,69,64,70,62,76,37,34,13,99,50,66,52,20,66,8,35,49,83,73,38,75,,43,61
IM,United Kingdom - Isle of Man,L'île de Man,33,21,0,49,0,65,0,17,19,0,57,46,24,53,14,41,52,45,60,81,61,51,28,10,0,70,13,100,36,24,59,18,18,45,56,54,35,39,40,8,16,8,36,64,61,40,21,47,10,0,47,12,35,0,17,5,40,0,19,,3,7
IN,India,Inde,0,13,0,0,0,0,0,0,17,0,0,0,0,0,13,5,0,0,7,0,0,7,17,4,0,0,13,0,0,0,0,18,0,0,0,0,15,0,11,2,9,0,14,0,0,0,21,0,4,0,0,7,0,0,0,4,13,0,14,,0,0
IO,United Kingdom - British Indian Ocean Territory,Territoire britannique de l'océan Indien,46,59,34,29,38,39,40,36,63,18,39,23,36,34,60,51,33,29,53,33,23,53,64,51,31,44,60,14,20,43,20,95,37,44,41,34,98,47,58,48,54,41,39,52,65,19,67,43,50,35,27,53,51,22,36,50,59,25,60,,28,45
IQ,Iraq,Irak,16,30,5,1,8,9,10,6,34,0,9,0,6,5,13,22,4,0,24,4,0,24,34,21,1,14,47,0,0,13,0,94,8,0,0,5,32,0,28,19,26,17,31,9,9,0,49,14,20,7,0,24,0,0,7,58,30,30,30,,0,16
IR,Iran,Iran,14,27,3,0,6,7,8,4,31,0,7,0,4,2,28,19,1,0,24,1,0,21,32,19,0,12,28,0,0,11,0,8,5,0,0,2,29,0,25,16,23,15,29,6,6,0,35,11,18,4,0,21,0,0,4,13,28,6,28,,0,14
IS,Iceland,Islande,35,23,0,52,0,61,2,19,21,0,61,49,26,56,16,43,55,74,59,55,45,53,30,12,0,69,15,36,65,26,42,20,20,48,52,57,37,41,41,10,18,10,37,60,65,43,23,49,12,0,50,14,39,0,19,7,42,0,21,,4,9
IT,Italy,Italie,44,53,64,32,58,27,35,56,60,52,21,18,56,36,55,3,35,28,28,20,23,72,24,74,58,54,55,24,26,100,25,60,76,9,53,37,74,39,77,12,45,33,30,19,44,35,63,60,17,55,30,81,19,50,93,47,18,28,61,,81,29
IW,International Waters,Eaux internationales,,,,,,0,,,,,,,,,,,,,,,,,,,,,,,,,,,,,,,,,,84,,,,,,,,,,,,,78,,,,,,96,,,
JE,United Kingdom - Jersey,Jersey,40,27,0,56,5,71,7,23,25,0,71,52,31,60,20,48,58,51,71,77,97,3,35,16,0,69,20,59,42,30,100,24,25,52,62,60,42,45,46,14,22,14,42,71,68,47,27,53,17,4,53,18,42,0,24,11,46,0,26,,9,13
JM,Jamaica,Jamaïque,28,18,0,21,0,35,0,12,16,0,35,17,18,25,11,35,24,18,37,29,19,44,25,8,0,43,11,10,30,19,16,16,13,17,26,26,31,32,34,6,14,5,31,34,32,11,19,38,8,0,19,10,10,0,12,3,34,0,17,,0,4
JO,Jordan,Jordanie,64,77,52,48,56,57,58,54,81,36,57,41,54,52,62,69,51,47,71,51,41,71,82,69,49,62,88,32,38,61,38,74,55,43,48,52,79,48,75,66,73,64,78,56,56,37,78,61,68,54,45,71,42,40,54,79,77,34,78,,46,63
JP,Japan,Japon,0,5,0,0,0,0,0,0,9,0,0,0,0,0,5,0,0,0,0,0,0,0,9,0,0,0,5,0,0,0,0,9,0,0,0,0,6,0,3,0,1,0,6,0,0,0,13,0,0,0,0,0,0,0,0,0,5,0,5,,0,0
KE,Kenya,Kenya,0,0,0,0,0,0,0,0,7,0,0,0,0,0,5,0,0,0,0,0,0,0,5,0,0,0,4,0,0,0,0,8,0,0,0,0,0,0,0,0,0,0,0,0,0,0,11,0,0,0,0,0,0,0,0,0,0,0,0,,0,0
KG,Kyrgyzstan,Kirghizistan,0,0,0,0,0,0,0,0,0,0,0,0,0,0,0,0,0,0,0,0,0,0,0,0,0,0,0,0,0,0,0,0,0,0,0,0,0,0,0,0,0,0,0,0,0,0,0,0,0,0,0,0,0,0,0,0,0,0,0,,0,0
KH,Cambodia,Cambodge,12,26,1,0,4,5,6,2,29,0,5,0,2,0,26,17,0,0,19,0,0,20,30,17,0,10,26,0,0,9,0,30,4,0,0,1,27,0,23,14,21,13,27,5,5,0,34,9,16,3,0,19,0,0,3,16,26,0,26,,0,12
KI,Kiribati,Kiribati,1,15,0,0,0,0,0,0,18,0,0,0,0,0,15,7,0,0,9,0,0,9,19,6,0,0,15,0,0,0,0,19,0,0,0,0,16,0,13,4,10,2,16,0,0,0,23,0,5,0,0,8,0,0,0,6,15,0,15,,0,1
KM,Comoros,Comores,50,64,39,34,42,43,44,40,67,22,43,28,40,38,64,56,38,34,57,52,42,58,68,55,35,48,64,33,24,47,40,68,42,29,34,39,65,49,61,52,59,51,65,43,43,23,72,47,54,41,31,57,29,26,41,54,64,29,64,,32,50
KN,Saint Kitts and Nevis,Saint-Christophe-et-Nevis,41,32,5,33,10,47,11,25,30,0,47,29,32,37,25,49,36,30,50,42,31,58,38,22,1,55,25,22,40,32,29,29,27,29,38,38,44,45,48,19,27,19,44,46,44,24,32,52,21,8,31,24,22,0,26,16,48,0,31,,11,18
KP,North Korea,Corée du Nord,0,10,0,0,0,0,0,0,13,0,0,0,0,0,10,2,0,0,3,0,0,4,14,1,0,0,10,0,0,0,0,14,0,0,0,0,11,0,7,0,5,0,11,0,0,0,18,0,0,0,0,3,0,0,0,0,10,0,10,,0,0
KR,South Korea,Corée du Sud,4,18,0,0,0,0,0,0,21,0,0,0,0,0,18,9,0,0,11,0,0,11,22,9,0,2,18,0,0,1,0,22,0,0,0,0,19,0,15,6,13,5,19,0,0,0,25,1,8,0,0,11,0,0,0,8,18,0,18,,0,4
KW,Kuwait,Koweït,46,60,35,30,38,39,40,36,63,18,39,23,36,34,60,51,33,29,53,33,23,53,64,51,31,44,60,14,20,43,21,23,37,25,30,35,61,30,57,48,55,47,61,38,38,19,23,43,50,37,27,53,25,22,36,27,60,25,60,,28,46
KY,United Kingdom - Cayman Islands,Îles Caïmans,30,20,0,24,0,37,0,14,18,0,34,19,20,28,13,37,27,21,40,32,22,47,27,10,0,46,13,13,33,21,19,18,15,19,28,28,33,34,36,8,16,7,33,33,35,14,21,40,10,0,21,12,13,0,14,5,36,0,19,,0,6
KZ,Kazakhstan,Kazakhstan,0,0,0,0,0,0,0,0,0,0,0,0,0,0,0,0,0,0,0,0,0,0,0,0,0,0,0,0,0,0,0,0,0,0,0,0,0,0,0,0,0,0,0,0,0,0,0,0,0,0,0,0,0,0,0,0,0,0,0,,0,0
LA,Laos,Laos,8,21,0,0,0,1,2,0,25,0,1,0,0,0,22,13,0,0,15,0,0,15,26,13,0,6,22,0,0,5,0,26,0,0,0,0,23,0,19,10,17,8,22,0,0,0,29,5,12,0,0,15,0,0,0,12,22,0,22,,0,7
LB,Lebanon,Liban,61,80,52,26,57,43,61,52,57,36,42,23,52,30,36,66,29,22,69,37,27,66,87,69,49,48,78,18,20,60,24,100,54,23,34,31,80,34,74,68,75,67,80,42,38,17,79,54,71,56,24,71,13,39,53,79,78,47,80,,48,66
LC,Saint Lucia,Sainte-Lucie,40,30,4,31,8,45,10,24,28,0,45,27,30,35,23,47,34,28,48,39,29,56,37,20,0,52,23,20,36,31,27,28,25,27,36,36,43,44,46,18,26,17,43,44,42,21,31,50,20,7,29,22,20,0,24,15,46,0,29,,10,16
LI,Liechtenstein,Liechtenstein,42,29,67,26,44,64,22,91,55,69,64,41,51,31,50,13,29,22,62,38,37,67,65,61,55,17,49,19,20,76,39,54,100,16,70,3,69,34,72,10,31,20,6,57,21,43,57,55,14,43,16,69,13,55,69,41,36,22,55,,58,10
LK,Sri Lanka,Sri Lanka,41,55,30,25,33,34,35,31,58,13,34,19,31,29,55,47,29,25,49,28,18,49,59,46,26,39,55,9,15,38,16,59,33,20,25,30,56,25,53,44,50,42,56,34,34,15,63,38,45,32,22,48,20,17,32,45,55,20,55,,23,41
LR,Liberia,Liberia,44,35,8,30,12,44,14,28,33,0,44,26,35,34,28,52,33,27,49,38,28,61,41,25,4,49,28,19,24,35,25,32,30,26,35,35,47,48,51,22,30,22,47,43,41,20,35,53,24,11,28,27,19,0,29,19,51,0,34,,14,21
LS,Lesotho,Lesotho,4,20,0,0,0,7,0,0,0,0,6,0,0,2,20,12,1,0,14,1,0,19,6,11,0,11,10,0,0,3,0,0,0,0,0,2,10,6,12,0,16,7,10,6,6,0,2,10,0,0,0,14,0,0,0,0,12,0,1,,0,6
LT,Lithuania,Lituanie,38,25,45,81,13,14,5,9,23,45,38,45,29,72,18,46,67,69,69,65,54,56,33,27,36,70,18,45,48,8,52,23,16,100,13,87,40,43,44,39,21,12,40,20,1,72,26,51,15,17,56,27,55,53,3,10,44,0,49,,7,11
LU,Luxembourg,Luxembourg,43,1,54,65,28,89,3,80,34,62,77,52,40,70,29,16,69,62,82,61,59,54,54,44,39,40,47,44,37,54,57,51,71,15,100,2,54,41,48,38,13,39,53,84,35,42,54,46,40,21,28,53,28,37,46,38,13,16,49,,35,0
LV,Latvia,Lettonie,47,34,33,92,11,1,14,30,32,32,25,56,37,85,27,55,80,77,78,73,63,65,42,14,23,78,27,54,57,37,60,31,3,87,3,100,48,52,53,26,29,21,49,8,44,59,34,60,2,5,68,14,63,40,31,18,53,0,40,,16,20
LY,Libya,Libye,64,83,55,44,60,60,62,55,81,38,60,40,36,48,76,83,46,39,85,54,44,84,90,72,51,66,76,35,37,62,42,80,57,40,51,48,100,51,89,69,78,70,21,59,56,35,83,72,72,59,41,74,30,42,56,67,95,48,81,,61,69
MA,Morocco,Maroc,19,56,28,47,33,63,36,52,54,12,63,44,39,51,49,50,50,43,73,58,48,79,64,45,25,69,49,39,41,59,45,53,54,43,54,52,70,100,75,43,51,43,71,63,59,38,56,56,45,32,45,47,34,16,53,40,75,21,54,,38,42
MC,Monaco,Monaco,66,33,42,48,38,41,15,70,75,42,37,13,72,52,69,36,51,44,52,20,30,11,84,54,38,70,69,2,41,77,32,74,72,44,48,53,89,55,100,64,25,13,14,33,60,16,77,8,66,34,46,61,34,30,71,61,47,42,75,,67,9
MD,Moldova,Moldavie,51,33,43,16,37,32,60,4,69,29,11,2,42,6,63,56,1,12,59,27,17,56,20,37,55,71,64,8,10,12,14,68,9,37,24,24,69,23,23,76,36,47,14,32,28,49,71,44,79,49,14,31,3,52,43,56,68,46,80,,38,43
ME,Montenegro,Monténégro,68,92,47,33,85,2,71,27,76,33,9,30,58,37,70,73,36,29,77,44,34,79,57,64,59,34,58,25,33,61,31,75,31,30,13,38,84,40,26,34,100,81,46,2,51,21,34,61,55,77,31,62,26,50,58,62,34,5,14,,64,84
MF,France - Saint Martin,Saint-Marin,41,32,5,33,9,47,11,25,30,0,47,29,32,37,24,49,36,30,49,41,31,58,38,21,1,55,25,22,40,32,29,29,27,29,38,38,44,45,48,19,27,19,44,46,44,23,32,52,21,8,31,24,22,0,26,16,48,0,31,,11,18
MG,Madagascar,Madagascar,21,35,10,6,13,14,15,11,39,0,14,0,11,9,35,27,9,5,29,9,0,29,39,26,6,19,35,0,0,18,0,39,13,0,5,10,36,5,33,24,31,22,36,14,14,0,43,18,25,12,3,29,0,0,12,26,35,0,35,,3,21
MH,Marshall Islands,Îles Marshall,2,16,0,0,0,0,0,0,20,0,0,0,0,0,16,8,0,0,10,0,0,10,20,7,0,0,60,0,0,0,0,20,0,0,0,0,17,0,14,5,11,3,17,0,0,0,24,0,6,0,0,9,0,0,0,7,16,0,16,,0,2
MK,Macedonia,Macédoine [FYROM],60,86,48,24,63,32,88,11,13,34,7,22,50,29,62,65,28,21,68,36,26,56,65,59,60,34,50,17,10,47,23,67,21,21,24,30,76,,13,47,81,100,31,40,28,22,26,53,68,78,23,52,3,51,27,54,20,22,28,,49,95
ML,Mali,Mali,18,15,0,11,0,20,0,3,13,0,20,4,8,15,8,25,14,10,23,14,4,32,19,6,0,25,8,0,2,11,1,13,5,6,11,15,23,19,26,3,10,2,23,19,19,0,16,24,5,0,8,8,5,0,4,0,26,0,15,,0,1
MM,Myanmar,Myanmar [Birmanie],5,19,0,0,0,0,0,0,23,0,0,0,0,0,19,11,0,0,13,0,0,13,23,10,0,3,19,0,0,2,0,24,0,0,0,0,21,0,17,8,15,6,20,0,0,0,27,3,10,0,0,13,0,0,0,10,19,0,20,,0,5
MN,Mongolia,Mongolie,0,0,0,0,0,0,0,0,0,0,0,0,0,0,0,0,0,0,0,0,0,0,0,0,0,0,0,0,0,0,0,0,0,0,0,0,0,0,0,0,0,0,0,0,0,0,0,0,0,0,0,0,0,0,0,0,0,0,0,,0,0
MO,China - Macao,Macao,17,31,6,0,9,10,11,14,34,0,17,0,7,0,31,21,0,0,32,0,0,25,35,22,2,12,31,0,0,21,0,35,16,0,1,0,32,0,29,20,26,18,32,17,10,0,39,12,21,8,0,24,0,0,15,21,31,0,31,,0,17
MP,United States of America - Marianas,Îles Mariannes du Nord,0,20,0,0,0,0,0,0,0,0,0,0,0,0,20,10,0,0,10,0,0,14,1,11,0,1,10,0,0,0,0,0,0,0,0,0,5,0,7,0,15,7,5,0,0,0,0,1,0,0,0,14,0,0,0,0,7,0,0,,0,6
MQ,France - Martinique,Martinique,40,31,4,32,9,46,11,24,29,0,46,27,31,36,24,48,35,29,48,40,30,57,38,21,1,53,24,21,37,32,27,28,26,28,37,36,43,45,47,18,26,18,44,45,43,22,31,51,21,8,29,23,21,0,25,15,47,0,30,,11,17
MR,Mauritania,Mauritanie,49,46,21,42,24,51,25,34,44,4,51,35,39,46,39,56,45,41,54,45,35,63,50,37,17,56,39,26,33,42,32,44,36,37,42,46,54,50,57,34,41,33,54,50,50,31,47,55,36,23,39,39,36,8,35,31,57,10,46,,21,32
MS,United Kingdom - Montserrat,Montserrat,41,32,5,33,10,47,12,25,30,0,47,29,32,37,25,49,36,30,49,42,31,58,39,22,1,54,25,22,0,33,29,29,27,29,38,38,44,46,48,19,27,19,45,46,44,24,32,52,21,8,31,24,22,0,26,16,48,0,31,,12,18
MT,Malta,Malte,79,46,63,44,68,60,16,68,81,47,60,41,17,48,76,84,47,40,86,55,45,84,91,80,60,66,76,36,37,76,42,80,6,40,52,49,21,51,14,70,86,78,100,60,56,35,83,72,72,67,42,82,30,51,33,67,96,49,81,,63,77
MU,Mauritius,Maurice,45,59,34,29,37,38,39,35,62,17,38,22,35,33,59,50,33,29,52,32,22,53,63,50,30,43,59,13,19,42,20,63,37,24,29,34,60,29,56,47,54,46,60,38,38,18,67,42,49,36,26,52,24,21,36,49,59,24,59,,27,45
MV,Maldives,Maldives,51,65,40,35,43,44,45,41,68,23,44,28,41,39,65,56,38,34,58,38,28,58,69,56,36,49,65,19,25,48,26,69,42,30,35,40,66,35,62,53,60,52,66,43,43,24,72,48,55,42,32,58,30,27,41,55,65,30,65,,33,51
MW,Malawi,Malawi,9,22,0,0,1,2,2,0,26,0,2,0,0,0,22,14,0,0,16,0,0,16,26,13,0,6,23,0,0,6,0,27,0,0,0,0,24,0,20,11,18,9,23,1,1,0,30,6,13,0,0,16,0,0,0,13,22,0,23,,0,8
MX,Mexico,Mexique,0,0,0,0,0,0,0,0,0,0,0,0,0,0,0,0,0,0,0,0,0,0,0,0,0,0,0,0,0,0,0,0,0,0,0,0,0,0,0,0,0,0,0,0,0,0,0,0,0,0,0,0,0,0,0,0,0,0,0,0,0,0
MY,Malaysia,Malaisie,23,37,12,8,15,16,17,13,41,0,16,1,13,12,37,29,11,7,31,11,1,31,41,28,8,21,37,0,0,20,0,41,15,2,7,12,39,7,35,26,33,24,38,16,16,0,45,21,27,14,5,31,2,0,14,28,37,2,37,,6,23
MZ,Mozambique,Mozambique,0,0,0,0,0,0,0,0,0,0,0,0,0,0,0,0,0,0,0,0,0,0,0,0,0,0,0,0,0,0,0,0,0,0,0,0,0,0,0,0,0,0,0,0,0,0,0,0,0,0,0,0,0,0,0,0,0,0,0,,0,0
NA,Namibia,Namibie,0,0,0,0,0,0,0,0,0,0,0,0,0,0,0,0,0,0,0,0,0,7,0,0,0,0,0,0,0,0,0,0,0,0,0,0,0,0,0,0,0,0,0,0,0,0,0,0,0,0,0,0,0,0,0,0,0,0,0,,0,0
NC,France - New Caledonia,Nouvelle-Calédonie,0,7,0,0,0,0,0,0,10,0,0,0,0,0,7,0,0,0,0,0,0,1,11,0,0,0,7,0,0,0,0,11,0,0,0,0,8,0,4,0,2,0,8,0,0,0,15,0,0,0,0,0,0,0,0,0,7,0,7,,0,0
NE,Niger,Niger,0,0,0,0,0,0,0,0,0,0,0,0,0,0,0,0,0,0,0,0,0,0,0,0,0,0,0,0,0,0,0,0,0,0,0,0,0,0,0,0,0,0,0,0,0,0,0,0,0,0,0,0,0,0,0,0,0,0,0,,0,0
NF,Australia - Norfolk Island,L'île de Norfolk,1,15,0,0,0,0,0,0,18,0,0,0,0,0,15,7,0,0,9,0,0,9,19,6,0,0,15,0,0,0,0,19,0,0,0,0,16,0,13,4,10,2,16,0,0,0,23,0,5,0,0,8,0,0,0,6,15,0,15,,0,1
NG,Nigeria,Nigeria,2,0,0,0,0,2,0,0,0,0,1,0,0,0,0,10,0,0,6,0,0,19,0,0,0,7,0,0,0,0,0,0,0,0,0,0,5,6,9,0,0,0,5,1,0,0,0,10,0,0,0,0,0,0,0,0,9,0,0,,0,0
NI,Nicaragua,Nicaragua,29,20,0,0,0,5,0,0,18,0,5,0,20,0,13,7,0,0,8,0,0,46,26,9,0,14,13,0,0,0,0,17,0,0,0,0,32,3,36,7,15,7,32,5,2,0,20,10,9,0,0,12,0,0,0,4,36,0,19,,0,6
NL,Netherlands,Pays-Bas,34,45,44,75,19,89,24,63,43,57,82,62,48,79,38,13,78,83,77,73,58,75,52,35,32,52,37,55,60,37,56,42,58,20,83,8,59,63,31,32,1,32,59,100,43,47,45,71,34,13,37,40,62,30,31,29,64,10,43,,19,31
NO,Norway,Norvège,47,34,17,78,12,35,14,22,32,32,57,68,38,47,27,55,44,70,20,16,1,65,42,1,7,79,27,54,53,38,61,32,21,1,35,44,49,48,53,21,30,21,49,43,100,28,35,60,24,11,72,4,67,14,31,19,53,0,33,,16,20
NP,Nepal,Népal,0,0,0,0,0,0,0,0,4,0,0,0,0,0,0,0,0,0,0,0,0,0,4,0,0,0,0,0,0,0,0,4,0,0,0,0,2,0,0,0,0,0,1,0,0,0,8,0,0,0,0,0,0,0,0,0,0,0,0,,0,0
NR,Nauru,Nauru,4,17,0,0,0,0,0,0,21,0,0,0,0,0,18,9,0,0,11,0,0,11,22,9,0,2,18,0,0,1,0,22,0,0,0,0,19,0,15,6,13,5,19,0,0,0,25,1,8,0,0,11,0,0,0,8,18,0,18,,0,4
NU,New Zealand - Niue,Niue,0,0,0,1,0,0,0,0,0,0,9,0,0,5,0,10,4,0,15,4,0,0,0,0,0,16,0,0,0,0,0,0,0,0,0,5,0,0,0,0,0,0,0,9,0,0,0,11,0,0,0,0,0,0,0,0,0,0,0,,0,0
NZ,New Zealand,Nouvelle-Zélande,0,0,0,0,0,0,0,0,0,0,0,0,0,0,0,0,0,0,0,0,0,0,0,0,0,0,0,0,0,0,0,0,0,0,0,0,0,0,0,0,0,0,0,0,0,0,0,0,0,0,0,0,0,0,0,0,0,0,0,,0,0
OM,Oman,Oman,32,45,20,16,24,25,26,17,49,4,20,9,15,20,46,37,19,15,34,19,9,39,50,37,17,30,46,0,6,24,6,50,18,11,16,20,47,16,43,34,41,32,46,19,24,5,53,29,36,22,13,39,10,8,18,36,45,11,46,,14,31
PA,Panama - Atlantic,Panama,21,11,0,13,0,27,0,5,9,0,27,9,11,17,4,28,16,10,29,21,11,38,18,1,0,36,4,2,22,12,9,9,6,9,18,18,24,24,28,0,7,0,24,26,23,4,12,31,1,0,11,3,1,0,6,0,28,0,10,,0,0
PE,Peru,Pérou,0,0,0,0,0,0,0,0,0,0,0,0,0,0,0,0,0,0,0,0,0,0,0,0,0,0,0,0,0,0,0,0,0,0,0,0,0,0,0,0,0,0,0,0,0,0,0,0,0,0,0,0,0,0,0,0,0,0,0,,0,0
PF,France - French Polynesia,Polynésie française,11,1,0,9,0,18,0,0,6,0,18,2,2,13,1,18,12,8,19,12,2,26,13,0,0,24,2,0,0,4,0,6,0,4,9,13,17,13,19,0,0,0,17,17,11,0,9,19,0,0,6,0,0,0,0,0,19,0,8,,0,0
PG,Papua New Guinea,Papouasie-Nouvelle-Guinée,0,8,0,0,0,0,0,0,12,0,0,0,0,0,8,0,0,0,2,0,0,2,12,0,0,0,8,0,0,0,0,12,0,0,0,0,10,0,6,0,4,0,9,0,0,0,16,0,0,0,0,2,0,0,0,0,8,0,8,,0,0
PH,Philippines,Philippines,0,8,0,0,0,0,0,0,11,0,0,0,0,0,8,0,0,0,1,0,0,2,12,0,0,18,8,0,0,0,0,12,0,0,0,0,9,0,5,0,3,0,9,0,0,0,16,0,0,0,0,1,0,0,0,0,8,0,8,,0,0
PK,Pakistan,Pakistan,10,23,0,0,2,2,3,0,27,0,3,0,0,0,23,15,0,0,17,0,0,17,27,14,0,7,23,0,0,7,0,28,1,0,0,0,25,0,21,12,19,10,24,2,2,0,31,7,14,0,0,17,0,0,0,14,23,0,24,,0,9
PL,Poland,Pologne,33,7,71,74,39,39,24,39,18,72,64,54,24,45,13,41,40,63,25,14,7,51,28,53,62,65,13,40,43,34,5,17,43,73,41,60,35,38,16,49,21,22,35,47,27,100,20,46,20,43,37,52,50,78,29,4,39,0,44,,16,17
PM,France - Saint Pierre,Saint-Pierre-et-Miquelon,53,43,16,55,21,65,23,37,41,0,65,51,43,59,36,60,58,52,67,60,49,69,50,33,13,73,36,40,40,44,47,41,38,51,56,60,56,57,59,31,38,30,56,65,67,46,44,64,33,20,53,35,45,4,37,28,59,8,42,,23,29
PN,United Kingdom - Pitcairn Islands,Îles Pitcairn,,,,,,,,,,,,,,,,,,,,,,,,,,,,,,,,,,,,,,,,,,,,,,,,,,,,,86,,,,,,,,,
PR,United States of America - Puerto Rico,Porto Rico,39,29,3,32,7,45,9,23,27,0,45,27,30,36,22,47,34,28,48,40,30,56,36,19,0,53,22,21,39,30,27,27,25,27,36,36,42,43,46,17,25,17,42,45,42,22,30,49,19,6,29,21,21,0,24,14,46,0,28,,9,16
PS,Palestine,Territoires palestiniens,57,75,48,21,53,38,56,48,86,31,38,19,47,26,81,62,25,18,65,33,23,62,82,64,44,44,85,14,15,55,20,79,50,18,29,27,76,29,69,64,70,62,76,37,34,13,100,50,66,52,20,66,8,35,49,84,74,39,75,,44,61
PT,Portugal,Portugal,38,57,30,55,34,71,37,53,55,13,71,52,61,59,50,69,58,51,21,66,56,88,65,46,26,77,50,47,49,60,53,54,55,51,62,60,72,51,8,44,52,44,72,71,12,46,57,100,47,34,53,48,0,17,54,41,76,23,55,,39,43
PW,Palau,Palau,16,30,5,1,8,9,10,6,34,0,9,0,6,4,30,24,4,0,24,6,0,24,34,21,1,16,30,0,0,13,0,34,8,0,0,5,31,2,28,19,26,17,31,9,9,0,38,13,20,7,0,24,0,0,7,21,30,0,30,,0,16
PY,Paraguay,Paraguay,0,0,0,0,0,0,0,0,0,0,0,0,0,0,0,0,0,0,0,0,0,0,0,0,0,0,0,0,0,0,0,0,0,0,0,0,0,0,0,0,0,0,0,0,0,0,0,0,0,0,0,0,0,0,0,0,0,0,0,,0,0
QA,Qatar,Qatar,50,64,39,35,42,43,44,40,68,22,43,28,40,38,64,56,38,34,58,38,27,58,68,55,35,48,64,18,25,47,25,68,42,29,34,39,65,34,62,53,60,51,65,43,43,24,72,47,54,41,31,58,29,26,41,55,64,29,64,,32,50
RE,France - Reunion,Réunion,43,57,32,21,35,36,37,30,60,15,31,14,33,25,57,47,24,20,47,26,16,51,61,48,28,37,57,7,17,37,13,61,32,16,27,26,58,23,54,45,52,44,58,31,35,10,64,38,47,34,18,50,22,19,31,47,57,22,57,,23,43
RO,Romania,Roumanie,53,54,47,19,55,35,82,14,72,32,7,15,44,23,65,58,21,14,62,29,19,59,41,51,58,81,66,10,12,17,17,71,14,11,26,2,72,26,66,79,57,69,72,34,31,20,74,47,100,70,16,36,5,49,10,58,70,31,59,,40,64
RS,Republic of Serbia,Serbie,50,64,69,14,84,11,80,30,0,55,26,16,40,19,52,55,17,10,7,25,15,61,45,80,81,15,39,6,14,55,13,56,43,17,21,5,65,22,35,52,76,78,23,12,33,43,15,43,70,100,13,73,7,72,48,43,12,14,23,,36,74
RU,Russia -Black Sea,Russie,0,0,0,32,0,18,0,0,0,4,21,16,0,39,0,0,40,15,16,11,1,3,0,0,0,16,0,0,0,0,0,0,0,24,9,36,0,0,0,32,0,0,0,18,27,16,0,0,11,0,28,0,1,0,0,0,0,0,47,,0,0
RW,Rwanda,Rwanda,0,0,0,0,0,0,0,0,0,0,0,0,0,0,0,0,0,0,0,0,0,0,0,0,0,0,0,0,0,0,0,0,0,0,0,0,0,0,0,0,0,0,0,0,0,0,0,0,0,0,0,0,0,0,0,0,0,0,0,,0,0
SA,Saudi Arabia,Arabie Saoudite,27,40,16,11,19,20,21,17,44,0,20,4,17,15,41,32,14,10,34,14,4,34,45,32,12,25,18,0,1,24,1,16,18,6,11,15,42,11,38,29,36,27,41,19,19,0,18,24,31,17,8,34,5,3,17,31,41,6,41,,9,26
SB,United Kingdom - BIOT - Salomon Islands,Îles Salomon,6,19,0,0,0,0,0,0,23,0,0,0,0,0,20,11,0,0,13,0,0,13,24,11,0,4,20,0,0,3,0,24,0,0,0,0,21,0,17,8,15,6,20,0,0,0,27,3,10,0,0,13,0,0,0,10,20,0,20,,0,5
SC,Seychelles,Seychelles,54,68,43,38,46,47,48,44,71,26,47,31,44,42,68,59,41,37,61,41,31,62,72,59,39,52,68,22,28,51,29,72,46,33,38,43,69,38,65,56,63,55,69,46,47,27,76,51,58,45,35,61,33,30,45,58,68,33,68,,36,54
SD,Sudan,Soudan,0,9,0,0,0,0,0,0,13,0,0,0,0,0,9,1,0,0,3,0,0,3,13,0,0,0,9,0,0,0,0,13,0,0,0,0,10,0,7,0,5,0,10,0,0,0,17,0,0,0,0,3,0,0,0,0,9,0,9,,0,0
SE,Sweden,Suède,40,27,20,87,4,23,7,9,25,38,44,75,31,71,20,48,68,70,8,3,56,58,35,2,12,71,20,47,50,30,53,24,17,56,30,68,41,45,46,14,22,14,42,30,72,37,27,53,16,4,100,6,56,21,24,11,46,0,25,,9,13
SG,Singapore,Singapour,35,49,24,19,27,28,29,25,52,7,28,12,25,23,49,40,22,18,42,22,12,43,53,40,20,33,49,3,9,32,10,53,26,14,19,24,50,19,46,37,44,36,50,27,27,8,56,32,39,26,16,42,14,11,26,39,49,14,49,,17,35
SH,United Kingdom - St Helena/Ascencion,Sainte-Hélène,31,22,0,12,0,45,1,14,20,0,27,7,22,16,15,39,15,9,34,23,13,48,28,11,0,35,15,4,10,21,10,19,15,8,37,16,34,36,38,9,17,9,34,27,23,2,22,39,11,0,9,14,1,0,14,6,38,0,21,,2,8
SJ,Denmark - Svalbard,Svalbard et Jan Mayen,38,28,2,64,6,67,8,22,26,0,69,60,28,68,21,45,67,61,42,60,50,54,35,18,0,66,21,41,41,29,47,26,23,60,58,69,41,38,44,16,24,15,41,67,78,55,29,49,18,5,62,20,56,0,22,13,44,0,27,,8,14
SK,Slovakia,Slovaquie,33,36,86,0,65,30,53,46,40,73,48,39,23,24,35,38,20,0,21,2,0,44,18,74,91,0,22,0,0,49,0,39,53,52,37,39,49,5,30,52,50,51,51,30,14,78,0,37,49,72,22,67,0,100,42,26,49,8,41,,31,46
SL,Sierra Leone,Sierra Leone,46,37,10,32,15,46,17,30,35,0,46,28,37,36,30,54,35,29,51,40,30,63,44,27,6,51,30,21,26,38,28,34,32,28,37,37,49,51,53,24,32,24,50,45,43,23,37,62,26,13,30,29,21,0,31,21,53,2,36,,17,23
SI,Slovenia,Slovénie,26,54,81,30,77,40,54,61,72,67,47,30,54,34,66,70,33,26,37,15,12,75,19,93,77,82,54,22,29,81,14,71,68,26,51,14,80,37,61,31,62,52,11,40,4,52,30,58,36,73,5,100,22,67,75,58,80,39,17,,62,48
SM,San Marino,Saint-Marin,38,58,58,22,52,40,29,68,61,46,33,11,48,27,56,7,26,19,40,14,16,63,29,68,52,45,56,15,17,94,19,60,69,3,46,28,73,30,71,6,39,27,34,31,35,29,63,51,10,48,21,75,9,44,100,47,21,29,61,,83,47
SN,Senegal,Sénégal,38,29,2,24,6,38,8,22,27,0,38,20,29,28,22,46,27,21,42,32,22,55,35,18,0,43,22,13,18,29,19,26,24,20,29,29,41,42,45,16,24,16,41,37,35,14,29,47,18,5,22,21,13,0,23,13,45,0,28,,8,15
SO,Somalia,Somalie,39,53,28,24,31,32,33,29,57,11,32,17,29,27,53,45,27,23,47,27,16,47,57,44,24,37,53,7,14,36,14,57,31,18,23,28,54,23,51,42,49,40,54,32,32,13,61,36,43,30,20,47,18,15,30,44,53,18,53,,21,39
SR,Suriname,Suriname,19,7,0,6,0,22,0,3,5,0,22,3,10,10,0,27,9,2,25,17,7,37,14,0,0,30,0,0,12,10,4,4,4,0,13,11,21,25,25,0,2,0,21,22,18,0,7,31,0,0,4,0,0,0,3,0,26,0,5,,0,0
ST,Sao Tome and Principe,São Tomé et Príncipe,38,29,2,17,6,34,8,19,27,0,33,13,29,21,21,44,20,14,39,28,18,55,35,18,0,41,22,9,15,26,15,26,21,13,25,22,41,41,45,16,24,16,41,32,28,8,29,45,18,5,15,21,6,0,20,13,45,0,28,,7,15
SV,El Salvador,Le Salvador,9,0,0,2,0,16,0,0,0,0,16,0,0,6,0,17,5,0,18,10,0,26,7,0,0,24,0,0,10,1,0,0,0,0,7,7,12,14,16,0,0,0,13,15,13,0,0,20,0,0,0,0,0,0,0,0,16,0,0,,0,0
SW,Swaziland,Swaziland,32,46,21,19,24,25,26,22,50,4,28,13,22,24,46,38,23,19,40,23,12,40,50,37,17,33,46,4,11,29,10,50,24,14,16,24,47,19,44,35,42,33,47,28,25,9,54,32,36,23,17,40,11,8,23,37,46,11,46,,14,32
SX,Netherlands - Sint Maarten,Antilles néerlandaises,33,20,0,22,0,38,0,16,18,0,38,19,23,26,13,41,25,18,41,33,23,51,27,9,0,71,12,14,32,23,20,17,17,18,29,27,34,38,39,7,15,7,35,37,34,13,20,45,9,0,20,11,8,0,16,4,39,0,18,,2,6
SY,Syria,Syrie,48,67,39,13,44,30,48,39,54,23,29,10,39,17,26,53,16,9,56,24,14,53,74,56,36,35,68,5,7,47,11,79,41,10,21,18,67,20,61,56,62,54,67,29,25,4,81,41,58,43,11,58,0,26,40,100,65,34,67,,24,53
TC,United Kingdom - Turcs/Caicos Islands,Îles Turques et Caïques,37,27,1,31,5,45,7,22,25,0,45,26,27,35,20,44,34,28,47,39,29,54,34,17,0,53,20,20,40,29,26,25,23,27,36,35,40,41,43,15,23,14,40,44,42,21,28,47,17,4,28,19,20,0,22,12,43,0,26,,7,13
TD,Chad,Tchad,0,0,0,0,0,0,0,0,0,0,0,0,0,0,0,0,0,0,0,0,0,0,0,0,0,0,0,0,0,0,0,0,0,0,0,0,0,0,0,0,0,0,0,0,0,0,0,0,0,0,0,0,0,0,0,0,0,0,0,,0,0
TF,France - French Southern and Antarctic Lands,Terres Australes and Antarctiques Françaises,24,37,13,2,16,17,18,11,41,0,12,0,14,6,38,28,5,1,28,7,0,31,42,29,9,18,38,0,0,18,0,42,13,0,8,6,39,3,35,26,33,25,39,11,16,0,45,18,28,14,0,31,2,0,12,28,38,3,38,,4,24
TG,Togo,Togo,34,24,0,20,2,33,4,18,22,0,33,15,24,24,17,41,22,16,38,28,18,51,31,14,0,39,17,9,14,25,15,22,19,15,24,24,37,38,40,12,20,11,37,33,30,10,25,42,14,1,17,16,9,0,18,9,41,0,23,,4,10
TH,Thailand,Thaïlande,19,33,8,4,11,12,13,9,37,0,12,0,9,7,33,25,7,3,27,7,0,27,37,24,4,17,33,0,0,16,0,37,11,0,3,8,34,3,31,22,29,20,34,12,12,0,41,16,23,10,0,27,0,0,10,24,33,0,33,,1,19
TJ,Tajikistan,Tadjikistan,0,0,0,0,0,0,0,0,0,0,0,0,0,0,0,0,0,0,0,0,0,0,0,0,0,0,0,0,0,0,0,0,0,0,0,0,0,0,0,0,0,0,0,0,0,0,0,0,0,0,0,0,0,0,0,0,0,0,0,,0,0
TK,New Zealand - Tokelau,Tokelau,0,0,0,0,0,0,0,0,0,0,6,0,0,4,0,10,3,0,8,3,0,0,0,0,0,16,0,0,0,0,0,0,0,0,0,4,0,0,0,0,0,0,0,6,0,0,0,10,0,0,0,0,0,0,0,0,0,0,0,,0,0
TL,East Timor,Timor-Leste,19,32,8,3,11,12,13,9,36,0,12,0,9,7,33,24,6,2,26,6,0,26,37,24,4,17,33,0,0,16,0,37,10,0,3,7,34,3,30,21,28,19,34,11,11,0,40,16,23,9,0,26,0,0,9,23,33,0,33,,1,18
TM,Turkmenistan,Turkménistan,0,0,0,0,0,0,0,0,0,0,0,0,0,0,0,0,0,0,0,0,0,0,0,0,0,0,0,0,0,0,0,0,0,0,0,0,0,0,0,0,0,0,0,0,0,0,0,0,0,0,0,0,0,0,0,0,0,0,0,,0,0
TN,Tunisia,Tunisie,83,35,62,48,67,64,60,71,79,45,64,45,59,52,74,8,51,44,89,59,49,0,12,78,58,70,73,40,42,78,46,78,73,44,55,53,61,55,93,68,84,20,96,64,60,39,81,76,70,66,46,80,34,49,22,65,100,46,79,,36,32
TO,Tonga,Tonga,0,0,0,0,0,0,0,0,0,0,6,0,0,1,0,7,1,0,8,1,0,0,0,0,0,13,0,0,0,0,0,0,0,0,0,2,0,0,0,0,0,0,0,6,0,0,0,7,0,0,0,0,0,0,0,0,0,0,0,,0,0
TR,Turkey,Turquie,30,12,21,0,25,11,34,21,70,4,11,0,20,0,41,34,0,0,38,5,0,35,7,37,17,17,38,0,0,28,0,58,22,0,2,0,48,2,42,12,4,21,49,10,7,0,39,23,30,14,0,39,0,8,21,55,46,,11,,16,16
TT,Trinidad and Tobago,Trinité-et-Tobago,37,27,1,28,5,42,7,21,25,0,41,23,27,32,20,44,31,25,44,36,26,54,34,17,0,49,20,17,33,28,23,25,22,24,33,32,40,41,44,15,23,14,40,41,39,18,28,47,17,4,25,19,17,0,22,12,44,0,26,,7,13
TV,United Kingdom - Tuvalu,Tuvalu,0,12,0,0,0,0,0,0,16,0,0,0,0,0,12,4,0,0,6,0,0,6,16,3,0,0,12,0,0,0,0,16,0,0,0,0,14,0,10,1,8,0,13,0,0,0,20,0,2,0,0,6,0,0,0,3,12,0,12,,0,0
TW,Taiwan,Taïwan,11,24,0,0,3,4,5,2,28,0,5,0,1,0,25,16,0,0,19,0,0,18,29,16,0,9,25,0,0,9,0,29,3,0,0,0,26,0,22,13,20,11,25,4,3,0,32,8,15,1,0,18,0,0,2,15,25,0,25,,0,10
TZ,United Republic of Tanzania,Tanzanie,22,35,10,6,14,15,15,11,39,0,15,0,12,10,35,27,9,5,29,9,0,29,39,26,7,19,35,0,0,19,0,40,13,1,6,10,37,5,33,24,31,22,36,14,14,0,43,19,26,12,3,29,0,0,12,26,35,0,36,,4,21
UA,Ukraine,Ukraine,44,13,35,9,17,25,40,35,62,25,7,0,35,23,56,49,18,5,52,20,10,49,0,23,41,71,57,1,3,42,7,61,37,48,16,38,62,16,57,80,2,28,63,25,21,43,64,37,59,23,7,17,0,41,36,49,61,38,100,,31,23
UG,Uganda,Ouganda,0,3,0,0,0,0,0,0,7,0,0,0,0,0,3,0,0,0,0,0,0,0,7,0,0,0,3,0,0,0,0,8,0,0,0,0,5,0,1,0,0,0,4,0,0,0,11,0,0,0,0,0,0,0,0,0,3,0,4,,0,0
US,United States of America via Atlantic,États-Unis,0,0,0,0,0,0,0,0,0,0,0,0,0,0,0,0,0,0,0,0,0,0,0,0,0,0,0,0,0,0,0,0,0,0,0,0,0,0,0,0,0,0,0,0,0,0,0,0,0,0,0,0,0,0,0,0,0,0,0,100,0,0
US-AL,United States - Alabama,,,,,,,,,,,,,,,,,,,,,,,,,,,,,,,,,,,,,,,,,,,,,,,,,,,,,,,,,,,,,,,
US-GA,United-States - Georgia,,,,,,,,,,,,,,,,,,,,,,,,,,,,,,,,,,,,,,,,,,,,,,,,,,,,,,,,,,,,,,,
US-LA,United-States - Louisiana,,,,,,,,,,,,,,,,,,,,,,,,,,,,,,,,,,,,,,,,,,,,,,,,,,,,,,,,,,,,,,,
US-MS,United-States - Mississipi,,,,,,,,,,,,,,,,,,,,,,,,,,,,,,,,,,,,,,,,,,,,,,,,,,,,,,,,,,,,,,,
US-SC,Unted States - South Carolina,,,,,,,,,,,,,,,,,,,,,,,,,,,,,,,,,,,,,,,,,,,,,,,,,,,,,,,,,,,,,,,
US-TX,United States - Texas,,,,,,,,,,,,,,,,,,,,,,,,,,,,,,,,,,,,,,,,,,,,,,,,,,,,,,,,,,,,,,,
UY,Uruguay,Uruguay,1,0,0,0,0,1,0,0,0,0,1,0,0,0,0,9,0,0,5,0,0,18,0,0,0,7,0,0,0,0,0,0,0,0,0,0,4,7,8,0,0,0,4,0,0,0,0,9,0,0,0,0,0,0,0,0,8,0,0,,0,0
UZ,Uzbekistan,Ouzbékistan,0,0,0,0,0,0,0,0,0,0,0,0,0,0,0,0,0,0,0,0,0,0,0,0,0,0,0,0,0,0,0,0,0,0,0,0,0,0,0,0,0,0,0,0,0,0,0,0,0,0,0,0,0,0,0,0,0,0,0,,0,0
VA,Vatican,Cité du Vatican,34,65,45,10,39,27,16,56,49,33,24,4,36,15,43,3,13,7,28,2,6,51,36,55,39,33,43,2,4,81,9,48,58,7,35,16,61,18,67,38,64,50,47,19,23,17,51,39,40,36,9,62,0,31,83,35,35,16,49,,33,54
VC,Saint Vincent and the Grenadines,Saint Vincent et les Grenadines,40,31,4,32,9,45,11,24,29,0,45,27,31,36,24,48,34,28,48,40,30,57,38,21,0,53,24,21,37,32,27,28,26,27,36,36,43,45,47,18,26,18,44,45,43,22,31,51,20,7,29,23,21,0,25,15,47,0,30,,11,17
VE,Venezuela,Venezuela,2,0,0,0,0,7,0,0,0,0,7,0,0,0,0,10,0,0,10,2,0,19,0,0,0,15,0,0,0,0,0,0,0,0,0,0,5,6,9,0,0,0,5,7,4,0,0,12,0,0,0,0,0,0,0,0,9,0,0,,0,0
VG,United Kingdom - British Virgin Islands,Îles Vierges britanniques,41,31,4,33,9,47,11,25,29,0,47,29,31,37,24,48,36,30,49,41,31,57,38,21,1,55,24,22,40,32,28,28,26,29,38,38,43,45,47,19,26,18,44,46,44,23,31,51,21,8,31,23,22,0,25,15,47,0,30,,11,17
VI,United States of America - Virgin Islands,"États-Unis, îles Vierges",2,0,0,11,0,47,0,13,0,0,27,7,0,15,0,38,14,8,33,22,12,19,0,0,0,35,0,3,31,20,10,0,15,7,38,16,5,35,9,0,0,0,6,26,23,2,0,39,0,0,9,0,2,0,14,0,9,0,0,,0,0
VN,Vietnam,Vietnam,0,0,0,0,0,0,0,0,0,0,0,0,0,0,0,0,0,0,0,0,0,0,0,0,0,0,0,0,0,0,0,0,0,0,0,0,0,0,0,0,0,0,0,0,0,0,0,0,0,0,0,0,0,0,0,0,0,0,0,,0,0
VU,Vanuatu,Vanuatu,1,15,0,0,0,0,0,0,19,0,0,0,0,0,15,7,0,0,9,0,0,9,19,6,0,0,15,0,0,0,0,19,0,0,0,0,16,0,13,4,10,2,16,0,0,0,23,0,5,0,0,9,0,0,0,6,15,0,15,,0,1
WF,France - Futuna,Wallis et Futuna,0,0,0,0,0,6,0,0,0,0,6,0,0,1,0,7,0,0,7,0,0,14,1,0,0,13,0,0,0,0,0,0,0,0,0,1,5,0,7,0,0,0,5,5,0,0,0,7,0,0,0,0,0,0,0,0,8,0,0,,0,0
WS,Samoa,Samoa,0,0,0,0,0,6,0,0,0,0,6,0,0,1,0,7,0,0,8,0,0,14,1,0,0,13,0,0,0,0,0,0,0,0,0,1,5,0,8,0,0,0,5,5,0,0,0,7,0,0,0,0,0,0,0,0,8,0,0,,0,0
XK,Kosovo,Kosovo,59,87,43,23,75,31,83,9,9,29,5,21,49,28,61,64,27,20,67,35,25,55,61,54,83,33,49,16,9,29,22,66,17,20,23,29,75,31,9,43,77,95,77,39,27,17,25,52,64,74,22,48,2,74,47,53,23,17,23,,53,100
YE,Yemen,Yémen,38,52,27,22,30,31,32,28,55,10,31,15,28,26,52,43,25,21,45,25,15,46,56,43,29,56,52,6,12,35,13,56,29,39,37,27,53,22,49,40,47,35,49,30,30,11,60,35,42,29,19,45,17,14,29,42,52,17,52,,20,38
YT,France - Mayotte,Mayotte,50,63,38,34,42,42,43,39,67,22,42,27,40,38,63,55,37,33,57,37,27,57,67,54,34,47,63,18,24,47,24,68,41,29,34,38,65,33,61,52,59,50,64,42,42,23,71,47,54,40,31,57,28,25,40,54,63,28,64,,32,49
ZA,South Africa,Afrique du Sud,0,0,0,0,0,0,0,0,0,0,0,0,0,0,0,0,0,0,0,0,0,0,0,0,0,0,0,0,0,0,0,0,0,0,0,0,0,0,0,0,0,0,0,0,0,0,0,0,0,0,0,0,0,0,0,0,0,0,0,,0,0
ZM,Zambia,Zambie,0,0,0,0,0,0,0,0,0,0,0,0,0,0,0,0,0,0,0,0,0,0,0,0,0,0,0,0,0,0,0,0,0,0,0,0,0,0,0,0,0,0,0,0,0,0,0,0,0,0,0,0,0,0,0,0,0,0,0,,0,0
ZW,Zimbabwe,Zimbabwe,5,18,0,0,0,0,0,0,22,0,0,0,0,0,19,10,0,0,12,0,0,12,23,10,0,3,19,0,0,2,0,23,0,0,0,0,20,0,16,7,14,5,19,0,0,0,26,2,9,0,0,12,0,0,0,9,18,0,19,,0,4
EU,European Union,Europe,3,0,13,0,2,1,3,9,18,0,6,0,17,0,13,13,0,0,8,2,0,4,1,2,3,0,13,0,0,12,0,0,3,0,1,0,21,1,2,2,1,9,5,8,4,0,0,13,2,1,0,6,0,3,7,4,9,0,0,0,3,0
WO,World,Monde,,,,,,,,,,100,0,,0,0,,,0,,0,,,,,,,,,,,,,,,,88,,,,,,,,,,,,,,,,,0,,,,,,,,,,